[2026-06-13 22:44:37.343] [INFO] [GEN] [0x2628] ..\..\..\tests\main.cpp:53 - void initAllLogging(): 日志系统初始化完成，所有分类已注册
[2026-06-13 22:44:37.343] [INFO] [GEN] [0x2628] ..\..\..\tests\main.cpp:53 - void initAllLogging(): 日志系统初始化完成，所有分类已注册
[2026-06-13 22:44:37.351] [DEBUG] [DB] [0x2628] ..\..\..\core\database\DatabaseTableManager.cpp:15 - DatabaseTableManager::DatabaseTableManager(const QString&, const QString&, const QString&, QObject*): DatabaseTableManager 构造，表名:"Words"
[2026-06-13 22:44:37.357] [INFO] [DB] [0x2628] ..\..\..\core\database\DatabaseTableManager.cpp:54 - DatabaseTableManager::DatabaseTableManager(const QString&, const QString&, const QString&, QObject*): 数据库连接成功，表名:"Words" 路径:"euwe_words.db"
[2026-06-13 22:44:37.358] [DEBUG] [DB] [0x2628] ..\..\..\core\database\DatabaseTableManager.cpp:133 - bool DatabaseTableManager::createTableIfNotExists(const QString&): 执行DDL成功:"CREATE TABLE IF NOT EXISTS Words (id INTEGER PRIMA"...
[2026-06-13 22:44:37.359] [INFO] [DB] [0x2628] ..\..\..\core\database\WordDatabaseManager.cpp:35 - WordDatabaseManager::WordDatabaseManager(const QString&, const QString&, const QString&, QObject*): Words 表已就绪，表名:"Words"
[2026-06-13 22:44:37.359] [DEBUG] [DB] [0x2628] ..\..\..\core\dictionary\LookupService.cpp:13 - LookupService::LookupService(const QSqlDatabase&, QObject*): LookupService 已初始化
[2026-06-13 22:44:37.748] [DEBUG] [DB] [0x2628] ..\..\..\core\database\DatabaseTableManager.cpp:15 - DatabaseTableManager::DatabaseTableManager(const QString&, const QString&, const QString&, QObject*): DatabaseTableManager 构造，表名:"Words"
[2026-06-13 22:44:37.749] [INFO] [DB] [0x2628] ..\..\..\core\database\DatabaseTableManager.cpp:54 - DatabaseTableManager::DatabaseTableManager(const QString&, const QString&, const QString&, QObject*): 数据库连接成功，表名:"Words" 路径:"euwe_words.db"
[2026-06-13 22:44:37.749] [DEBUG] [DB] [0x2628] ..\..\..\core\database\DatabaseTableManager.cpp:133 - bool DatabaseTableManager::createTableIfNotExists(const QString&): 执行DDL成功:"CREATE TABLE IF NOT EXISTS Words (id INTEGER PRIMA"...
[2026-06-13 22:44:37.749] [INFO] [DB] [0x2628] ..\..\..\core\database\WordDatabaseManager.cpp:35 - WordDatabaseManager::WordDatabaseManager(const QString&, const QString&, const QString&, QObject*): Words 表已就绪，表名:"Words"
[2026-06-13 22:44:37.750] [INFO] [DB] [0x2628] ..\..\..\ui\main\MainController.cpp:68 - void MainController::initBackend(): 熟词库初始化成功
[2026-06-13 22:44:37.750] [DEBUG] [DB] [0x2628] ..\..\..\core\dictionary\LookupService.cpp:13 - LookupService::LookupService(const QSqlDatabase&, QObject*): LookupService 已初始化
[2026-06-13 22:44:52.816] [DEBUG] [DB] [0x2628] ..\..\..\core\database\DatabaseTableManager.cpp:65 - virtual DatabaseTableManager::~DatabaseTableManager(): 数据库连接关闭:"DBMgr_Words_1e161771f00_1e14354ba80"
[2026-06-13 22:44:55.024] [INFO] [GEN] [0x2fd4] ..\..\..\tests\main.cpp:53 - void initAllLogging(): 日志系统初始化完成，所有分类已注册
[2026-06-13 22:44:55.024] [INFO] [GEN] [0x2fd4] ..\..\..\tests\main.cpp:53 - void initAllLogging(): 日志系统初始化完成，所有分类已注册
[2026-06-13 22:44:55.032] [DEBUG] [DB] [0x2fd4] ..\..\..\core\database\DatabaseTableManager.cpp:15 - DatabaseTableManager::DatabaseTableManager(const QString&, const QString&, const QString&, QObject*): DatabaseTableManager 构造，表名:"Words"
[2026-06-13 22:44:55.037] [INFO] [DB] [0x2fd4] ..\..\..\core\database\DatabaseTableManager.cpp:54 - DatabaseTableManager::DatabaseTableManager(const QString&, const QString&, const QString&, QObject*): 数据库连接成功，表名:"Words" 路径:"euwe_words.db"
[2026-06-13 22:44:55.037] [DEBUG] [DB] [0x2fd4] ..\..\..\core\database\DatabaseTableManager.cpp:133 - bool DatabaseTableManager::createTableIfNotExists(const QString&): 执行DDL成功:"CREATE TABLE IF NOT EXISTS Words (id INTEGER PRIMA"...
[2026-06-13 22:44:55.037] [INFO] [DB] [0x2fd4] ..\..\..\core\database\WordDatabaseManager.cpp:35 - WordDatabaseManager::WordDatabaseManager(const QString&, const QString&, const QString&, QObject*): Words 表已就绪，表名:"Words"
[2026-06-13 22:44:55.037] [DEBUG] [DB] [0x2fd4] ..\..\..\core\dictionary\LookupService.cpp:13 - LookupService::LookupService(const QSqlDatabase&, QObject*): LookupService 已初始化
[2026-06-13 22:44:55.353] [DEBUG] [DB] [0x2fd4] ..\..\..\core\database\DatabaseTableManager.cpp:15 - DatabaseTableManager::DatabaseTableManager(const QString&, const QString&, const QString&, QObject*): DatabaseTableManager 构造，表名:"Words"
[2026-06-13 22:44:55.355] [INFO] [DB] [0x2fd4] ..\..\..\core\database\DatabaseTableManager.cpp:54 - DatabaseTableManager::DatabaseTableManager(const QString&, const QString&, const QString&, QObject*): 数据库连接成功，表名:"Words" 路径:"euwe_words.db"
[2026-06-13 22:44:55.356] [DEBUG] [DB] [0x2fd4] ..\..\..\core\database\DatabaseTableManager.cpp:133 - bool DatabaseTableManager::createTableIfNotExists(const QString&): 执行DDL成功:"CREATE TABLE IF NOT EXISTS Words (id INTEGER PRIMA"...
[2026-06-13 22:44:55.356] [INFO] [DB] [0x2fd4] ..\..\..\core\database\WordDatabaseManager.cpp:35 - WordDatabaseManager::WordDatabaseManager(const QString&, const QString&, const QString&, QObject*): Words 表已就绪，表名:"Words"
[2026-06-13 22:44:55.356] [INFO] [DB] [0x2fd4] ..\..\..\ui\main\MainController.cpp:68 - void MainController::initBackend(): 熟词库初始化成功
[2026-06-13 22:44:55.356] [DEBUG] [DB] [0x2fd4] ..\..\..\core\dictionary\LookupService.cpp:13 - LookupService::LookupService(const QSqlDatabase&, QObject*): LookupService 已初始化
[2026-06-13 22:51:40.998] [DEBUG] [DB] [0x2fd4] ..\..\..\core\database\DatabaseTableManager.cpp:65 - virtual DatabaseTableManager::~DatabaseTableManager(): 数据库连接关闭:"DBMgr_Words_11b12e4e9e0_11b74d9ba60"
[2026-06-13 23:59:12.694] [INFO] [GEN] [0x3810] ..\..\..\tests\main.cpp:48 - void initAllLogging(): 日志系统初始化完成，所有分类已注册
[2026-06-13 23:59:12.694] [INFO] [GEN] [0x3810] ..\..\..\tests\main.cpp:48 - void initAllLogging(): 日志系统初始化完成，所有分类已注册
[2026-06-13 23:59:12.699] [DEBUG] [DB] [0x3810] ..\..\..\core\database\DatabaseTableManager.cpp:17 - DatabaseTableManager::DatabaseTableManager(const QString&, const QString&, const QString&, QObject*): DatabaseTableManager 构造，表名:"Words"
[2026-06-13 23:59:12.703] [INFO] [DB] [0x3810] ..\..\..\core\database\DatabaseTableManager.cpp:56 - DatabaseTableManager::DatabaseTableManager(const QString&, const QString&, const QString&, QObject*): 数据库连接成功，表名:"Words" 路径:"euwe_words.db"
[2026-06-13 23:59:12.704] [DEBUG] [DB] [0x3810] ..\..\..\core\database\DatabaseTableManager.cpp:128 - bool DatabaseTableManager::createTableIfNotExists(const QString&): 执行DDL成功:"CREATE TABLE IF NOT EXISTS Words (id INTEGER PRIMA"...
[2026-06-13 23:59:12.704] [INFO] [DB] [0x3810] ..\..\..\core\database\WordDatabaseManager.cpp:36 - WordDatabaseManager::WordDatabaseManager(const QString&, const QString&, const QString&, QObject*): Words 表已就绪，表名:"Words"
[2026-06-13 23:59:12.704] [DEBUG] [DB] [0x3810] ..\..\..\core\dictionary\LookupService.cpp:13 - LookupService::LookupService(const QSqlDatabase&, QObject*): LookupService 已初始化
[2026-06-13 23:59:12.864] [DEBUG] [DB] [0x3810] ..\..\..\core\database\DatabaseTableManager.cpp:17 - DatabaseTableManager::DatabaseTableManager(const QString&, const QString&, const QString&, QObject*): DatabaseTableManager 构造，表名:"Words"
[2026-06-13 23:59:12.866] [INFO] [DB] [0x3810] ..\..\..\core\database\DatabaseTableManager.cpp:56 - DatabaseTableManager::DatabaseTableManager(const QString&, const QString&, const QString&, QObject*): 数据库连接成功，表名:"Words" 路径:"euwe_words.db"
[2026-06-13 23:59:12.866] [DEBUG] [DB] [0x3810] ..\..\..\core\database\DatabaseTableManager.cpp:128 - bool DatabaseTableManager::createTableIfNotExists(const QString&): 执行DDL成功:"CREATE TABLE IF NOT EXISTS Words (id INTEGER PRIMA"...
[2026-06-13 23:59:12.866] [INFO] [DB] [0x3810] ..\..\..\core\database\WordDatabaseManager.cpp:36 - WordDatabaseManager::WordDatabaseManager(const QString&, const QString&, const QString&, QObject*): Words 表已就绪，表名:"Words"
[2026-06-13 23:59:12.867] [INFO] [DB] [0x3810] ..\..\..\ui\main\MainController.cpp:68 - void MainController::initBackend(): 熟词库初始化成功
[2026-06-13 23:59:12.867] [DEBUG] [DB] [0x3810] ..\..\..\core\dictionary\LookupService.cpp:13 - LookupService::LookupService(const QSqlDatabase&, QObject*): LookupService 已初始化
[2026-06-14 00:00:06.341] [DEBUG] [DB] [0x3810] ..\..\..\core\database\DatabaseTableManager.cpp:67 - virtual DatabaseTableManager::~DatabaseTableManager(): 数据库连接关闭:"DBMgr_Words_1ae4d75a1b0_1ae2f7fba40"
[2026-06-14 07:22:22.529] [INFO] [GEN] [0x2fb8] ..\..\..\tests\main.cpp:48 - void initAllLogging(): 日志系统初始化完成，所有分类已注册
[2026-06-14 07:22:22.529] [INFO] [GEN] [0x2fb8] ..\..\..\tests\main.cpp:48 - void initAllLogging(): 日志系统初始化完成，所有分类已注册
[2026-06-14 07:22:22.599] [DEBUG] [DB] [0x2fb8] ..\..\..\core\database\DatabaseTableManager.cpp:17 - DatabaseTableManager::DatabaseTableManager(const QString&, const QString&, const QString&, QObject*): DatabaseTableManager 构造，表名:"Words"
[2026-06-14 07:22:22.663] [INFO] [DB] [0x2fb8] ..\..\..\core\database\DatabaseTableManager.cpp:56 - DatabaseTableManager::DatabaseTableManager(const QString&, const QString&, const QString&, QObject*): 数据库连接成功，表名:"Words" 路径:"euwe_words.db"
[2026-06-14 07:22:22.663] [DEBUG] [DB] [0x2fb8] ..\..\..\core\database\DatabaseTableManager.cpp:128 - bool DatabaseTableManager::createTableIfNotExists(const QString&): 执行DDL成功:"CREATE TABLE IF NOT EXISTS Words (id INTEGER PRIMA"...
[2026-06-14 07:22:22.663] [INFO] [DB] [0x2fb8] ..\..\..\core\database\WordDatabaseManager.cpp:36 - WordDatabaseManager::WordDatabaseManager(const QString&, const QString&, const QString&, QObject*): Words 表已就绪，表名:"Words"
[2026-06-14 07:22:22.663] [DEBUG] [DB] [0x2fb8] ..\..\..\core\dictionary\LookupService.cpp:13 - LookupService::LookupService(const QSqlDatabase&, QObject*): LookupService 已初始化
[2026-06-14 07:22:23.128] [DEBUG] [DB] [0x2fb8] ..\..\..\core\database\DatabaseTableManager.cpp:17 - DatabaseTableManager::DatabaseTableManager(const QString&, const QString&, const QString&, QObject*): DatabaseTableManager 构造，表名:"Words"
[2026-06-14 07:22:23.129] [INFO] [DB] [0x2fb8] ..\..\..\core\database\DatabaseTableManager.cpp:56 - DatabaseTableManager::DatabaseTableManager(const QString&, const QString&, const QString&, QObject*): 数据库连接成功，表名:"Words" 路径:"euwe_words.db"
[2026-06-14 07:22:23.129] [DEBUG] [DB] [0x2fb8] ..\..\..\core\database\DatabaseTableManager.cpp:128 - bool DatabaseTableManager::createTableIfNotExists(const QString&): 执行DDL成功:"CREATE TABLE IF NOT EXISTS Words (id INTEGER PRIMA"...
[2026-06-14 07:22:23.129] [INFO] [DB] [0x2fb8] ..\..\..\core\database\WordDatabaseManager.cpp:36 - WordDatabaseManager::WordDatabaseManager(const QString&, const QString&, const QString&, QObject*): Words 表已就绪，表名:"Words"
[2026-06-14 07:22:23.129] [INFO] [DB] [0x2fb8] ..\..\..\ui\main\MainController.cpp:68 - void MainController::initBackend(): 熟词库初始化成功
[2026-06-14 07:22:23.129] [DEBUG] [DB] [0x2fb8] ..\..\..\core\dictionary\LookupService.cpp:13 - LookupService::LookupService(const QSqlDatabase&, QObject*): LookupService 已初始化
[2026-06-14 07:27:18.704] [DEBUG] [DB] [0x2fb8] ..\..\..\core\database\DatabaseTableManager.cpp:67 - virtual DatabaseTableManager::~DatabaseTableManager(): 数据库连接关闭:"DBMgr_Words_2162b2f0f00_2160d41bba0"
[2026-06-14 07:27:35.684] [INFO] [GEN] [0x21a4] ..\..\..\tests\main.cpp:48 - void initAllLogging(): 日志系统初始化完成，所有分类已注册
[2026-06-14 07:27:35.684] [INFO] [GEN] [0x21a4] ..\..\..\tests\main.cpp:48 - void initAllLogging(): 日志系统初始化完成，所有分类已注册
[2026-06-14 07:27:35.691] [DEBUG] [DB] [0x21a4] ..\..\..\core\database\DatabaseTableManager.cpp:17 - DatabaseTableManager::DatabaseTableManager(const QString&, const QString&, const QString&, QObject*): DatabaseTableManager 构造，表名:"Words"
[2026-06-14 07:27:35.695] [INFO] [DB] [0x21a4] ..\..\..\core\database\DatabaseTableManager.cpp:56 - DatabaseTableManager::DatabaseTableManager(const QString&, const QString&, const QString&, QObject*): 数据库连接成功，表名:"Words" 路径:"euwe_words.db"
[2026-06-14 07:27:35.695] [DEBUG] [DB] [0x21a4] ..\..\..\core\database\DatabaseTableManager.cpp:128 - bool DatabaseTableManager::createTableIfNotExists(const QString&): 执行DDL成功:"CREATE TABLE IF NOT EXISTS Words (id INTEGER PRIMA"...
[2026-06-14 07:27:35.695] [INFO] [DB] [0x21a4] ..\..\..\core\database\WordDatabaseManager.cpp:36 - WordDatabaseManager::WordDatabaseManager(const QString&, const QString&, const QString&, QObject*): Words 表已就绪，表名:"Words"
[2026-06-14 07:27:35.696] [DEBUG] [DB] [0x21a4] ..\..\..\core\dictionary\LookupService.cpp:13 - LookupService::LookupService(const QSqlDatabase&, QObject*): LookupService 已初始化
[2026-06-14 07:27:36.019] [DEBUG] [DB] [0x21a4] ..\..\..\core\database\DatabaseTableManager.cpp:17 - DatabaseTableManager::DatabaseTableManager(const QString&, const QString&, const QString&, QObject*): DatabaseTableManager 构造，表名:"Words"
[2026-06-14 07:27:36.020] [INFO] [DB] [0x21a4] ..\..\..\core\database\DatabaseTableManager.cpp:56 - DatabaseTableManager::DatabaseTableManager(const QString&, const QString&, const QString&, QObject*): 数据库连接成功，表名:"Words" 路径:"euwe_words.db"
[2026-06-14 07:27:36.020] [DEBUG] [DB] [0x21a4] ..\..\..\core\database\DatabaseTableManager.cpp:128 - bool DatabaseTableManager::createTableIfNotExists(const QString&): 执行DDL成功:"CREATE TABLE IF NOT EXISTS Words (id INTEGER PRIMA"...
[2026-06-14 07:27:36.020] [INFO] [DB] [0x21a4] ..\..\..\core\database\WordDatabaseManager.cpp:36 - WordDatabaseManager::WordDatabaseManager(const QString&, const QString&, const QString&, QObject*): Words 表已就绪，表名:"Words"
[2026-06-14 07:27:36.020] [INFO] [DB] [0x21a4] ..\..\..\ui\main\MainController.cpp:68 - void MainController::initBackend(): 熟词库初始化成功
[2026-06-14 07:27:36.020] [DEBUG] [DB] [0x21a4] ..\..\..\core\dictionary\LookupService.cpp:13 - LookupService::LookupService(const QSqlDatabase&, QObject*): LookupService 已初始化
[2026-06-14 08:38:22.731] [DEBUG] [DB] [0x21a4] ..\..\..\core\database\DatabaseTableManager.cpp:67 - virtual DatabaseTableManager::~DatabaseTableManager(): 数据库连接关闭:"DBMgr_Words_24d30051050_24d1215bae0"
[2026-06-14 08:38:36.283] [INFO] [GEN] [0x52f0] ..\..\..\tests\main.cpp:48 - void initAllLogging(): 日志系统初始化完成，所有分类已注册
[2026-06-14 08:38:36.283] [INFO] [GEN] [0x52f0] ..\..\..\tests\main.cpp:48 - void initAllLogging(): 日志系统初始化完成，所有分类已注册
[2026-06-14 08:38:36.289] [DEBUG] [DB] [0x52f0] ..\..\..\core\database\DatabaseTableManager.cpp:17 - DatabaseTableManager::DatabaseTableManager(const QString&, const QString&, const QString&, QObject*): DatabaseTableManager 构造，表名:"Words"
[2026-06-14 08:38:36.293] [INFO] [DB] [0x52f0] ..\..\..\core\database\DatabaseTableManager.cpp:56 - DatabaseTableManager::DatabaseTableManager(const QString&, const QString&, const QString&, QObject*): 数据库连接成功，表名:"Words" 路径:"euwe_words.db"
[2026-06-14 08:38:36.293] [DEBUG] [DB] [0x52f0] ..\..\..\core\database\DatabaseTableManager.cpp:128 - bool DatabaseTableManager::createTableIfNotExists(const QString&): 执行DDL成功:"CREATE TABLE IF NOT EXISTS Words (id INTEGER PRIMA"...
[2026-06-14 08:38:36.293] [INFO] [DB] [0x52f0] ..\..\..\core\database\WordDatabaseManager.cpp:36 - WordDatabaseManager::WordDatabaseManager(const QString&, const QString&, const QString&, QObject*): Words 表已就绪，表名:"Words"
[2026-06-14 08:38:36.294] [DEBUG] [DB] [0x52f0] ..\..\..\core\dictionary\LookupService.cpp:13 - LookupService::LookupService(const QSqlDatabase&, QObject*): LookupService 已初始化
[2026-06-14 08:38:36.620] [DEBUG] [DB] [0x52f0] ..\..\..\core\database\DatabaseTableManager.cpp:17 - DatabaseTableManager::DatabaseTableManager(const QString&, const QString&, const QString&, QObject*): DatabaseTableManager 构造，表名:"Words"
[2026-06-14 08:38:36.621] [INFO] [DB] [0x52f0] ..\..\..\core\database\DatabaseTableManager.cpp:56 - DatabaseTableManager::DatabaseTableManager(const QString&, const QString&, const QString&, QObject*): 数据库连接成功，表名:"Words" 路径:"euwe_words.db"
[2026-06-14 08:38:36.622] [DEBUG] [DB] [0x52f0] ..\..\..\core\database\DatabaseTableManager.cpp:128 - bool DatabaseTableManager::createTableIfNotExists(const QString&): 执行DDL成功:"CREATE TABLE IF NOT EXISTS Words (id INTEGER PRIMA"...
[2026-06-14 08:38:36.622] [INFO] [DB] [0x52f0] ..\..\..\core\database\WordDatabaseManager.cpp:36 - WordDatabaseManager::WordDatabaseManager(const QString&, const QString&, const QString&, QObject*): Words 表已就绪，表名:"Words"
[2026-06-14 08:38:36.622] [INFO] [DB] [0x52f0] ..\..\..\ui\main\MainController.cpp:68 - void MainController::initBackend(): 熟词库初始化成功
[2026-06-14 08:38:36.622] [DEBUG] [DB] [0x52f0] ..\..\..\core\dictionary\LookupService.cpp:13 - LookupService::LookupService(const QSqlDatabase&, QObject*): LookupService 已初始化
[2026-06-14 08:39:09.539] [DEBUG] [DB] [0x52f0] ..\..\..\core\database\DatabaseTableManager.cpp:67 - virtual DatabaseTableManager::~DatabaseTableManager(): 数据库连接关闭:"DBMgr_Words_2063afd30f0_2061cf6bac0"
[2026-06-14 09:19:06.867] [INFO] [GEN] [0x934] ..\..\..\tests\main.cpp:48 - void initAllLogging(): 日志系统初始化完成，所有分类已注册
[2026-06-14 09:19:06.867] [INFO] [GEN] [0x934] ..\..\..\tests\main.cpp:48 - void initAllLogging(): 日志系统初始化完成，所有分类已注册
[2026-06-14 09:19:06.874] [DEBUG] [DB] [0x934] ..\..\..\core\database\DatabaseTableManager.cpp:17 - DatabaseTableManager::DatabaseTableManager(const QString&, const QString&, const QString&, QObject*): DatabaseTableManager 构造，表名:"Words"
[2026-06-14 09:19:06.878] [INFO] [DB] [0x934] ..\..\..\core\database\DatabaseTableManager.cpp:56 - DatabaseTableManager::DatabaseTableManager(const QString&, const QString&, const QString&, QObject*): 数据库连接成功，表名:"Words" 路径:"euwe_words.db"
[2026-06-14 09:19:06.878] [DEBUG] [DB] [0x934] ..\..\..\core\database\DatabaseTableManager.cpp:128 - bool DatabaseTableManager::createTableIfNotExists(const QString&): 执行DDL成功:"CREATE TABLE IF NOT EXISTS Words (id INTEGER PRIMA"...
[2026-06-14 09:19:06.878] [INFO] [DB] [0x934] ..\..\..\core\database\WordDatabaseManager.cpp:36 - WordDatabaseManager::WordDatabaseManager(const QString&, const QString&, const QString&, QObject*): Words 表已就绪，表名:"Words"
[2026-06-14 09:19:06.879] [DEBUG] [DB] [0x934] ..\..\..\core\dictionary\LookupService.cpp:13 - LookupService::LookupService(const QSqlDatabase&, QObject*): LookupService 已初始化
[2026-06-14 09:19:07.251] [DEBUG] [DB] [0x934] ..\..\..\core\database\DatabaseTableManager.cpp:17 - DatabaseTableManager::DatabaseTableManager(const QString&, const QString&, const QString&, QObject*): DatabaseTableManager 构造，表名:"Words"
[2026-06-14 09:19:07.253] [INFO] [DB] [0x934] ..\..\..\core\database\DatabaseTableManager.cpp:56 - DatabaseTableManager::DatabaseTableManager(const QString&, const QString&, const QString&, QObject*): 数据库连接成功，表名:"Words" 路径:"euwe_words.db"
[2026-06-14 09:19:07.254] [DEBUG] [DB] [0x934] ..\..\..\core\database\DatabaseTableManager.cpp:128 - bool DatabaseTableManager::createTableIfNotExists(const QString&): 执行DDL成功:"CREATE TABLE IF NOT EXISTS Words (id INTEGER PRIMA"...
[2026-06-14 09:19:07.254] [INFO] [DB] [0x934] ..\..\..\core\database\WordDatabaseManager.cpp:36 - WordDatabaseManager::WordDatabaseManager(const QString&, const QString&, const QString&, QObject*): Words 表已就绪，表名:"Words"
[2026-06-14 09:19:07.255] [INFO] [DB] [0x934] ..\..\..\ui\main\MainController.cpp:68 - void MainController::initBackend(): 熟词库初始化成功
[2026-06-14 09:19:07.255] [DEBUG] [DB] [0x934] ..\..\..\core\dictionary\LookupService.cpp:13 - LookupService::LookupService(const QSqlDatabase&, QObject*): LookupService 已初始化
[2026-06-14 09:20:18.202] [DEBUG] [DB] [0x934] ..\..\..\core\database\DatabaseTableManager.cpp:67 - virtual DatabaseTableManager::~DatabaseTableManager(): 数据库连接关闭:"DBMgr_Words_26d325a8dc0_26d1461bc00"
[2026-06-14 09:20:20.136] [INFO] [GEN] [0xf84] ..\..\..\tests\main.cpp:48 - void initAllLogging(): 日志系统初始化完成，所有分类已注册
[2026-06-14 09:20:20.136] [INFO] [GEN] [0xf84] ..\..\..\tests\main.cpp:48 - void initAllLogging(): 日志系统初始化完成，所有分类已注册
[2026-06-14 09:20:20.144] [DEBUG] [DB] [0xf84] ..\..\..\core\database\DatabaseTableManager.cpp:17 - DatabaseTableManager::DatabaseTableManager(const QString&, const QString&, const QString&, QObject*): DatabaseTableManager 构造，表名:"Words"
[2026-06-14 09:20:20.150] [INFO] [DB] [0xf84] ..\..\..\core\database\DatabaseTableManager.cpp:56 - DatabaseTableManager::DatabaseTableManager(const QString&, const QString&, const QString&, QObject*): 数据库连接成功，表名:"Words" 路径:"euwe_words.db"
[2026-06-14 09:20:20.150] [DEBUG] [DB] [0xf84] ..\..\..\core\database\DatabaseTableManager.cpp:128 - bool DatabaseTableManager::createTableIfNotExists(const QString&): 执行DDL成功:"CREATE TABLE IF NOT EXISTS Words (id INTEGER PRIMA"...
[2026-06-14 09:20:20.150] [INFO] [DB] [0xf84] ..\..\..\core\database\WordDatabaseManager.cpp:36 - WordDatabaseManager::WordDatabaseManager(const QString&, const QString&, const QString&, QObject*): Words 表已就绪，表名:"Words"
[2026-06-14 09:20:20.151] [DEBUG] [DB] [0xf84] ..\..\..\core\dictionary\LookupService.cpp:13 - LookupService::LookupService(const QSqlDatabase&, QObject*): LookupService 已初始化
[2026-06-14 09:20:20.495] [DEBUG] [DB] [0xf84] ..\..\..\core\database\DatabaseTableManager.cpp:17 - DatabaseTableManager::DatabaseTableManager(const QString&, const QString&, const QString&, QObject*): DatabaseTableManager 构造，表名:"Words"
[2026-06-14 09:20:20.496] [INFO] [DB] [0xf84] ..\..\..\core\database\DatabaseTableManager.cpp:56 - DatabaseTableManager::DatabaseTableManager(const QString&, const QString&, const QString&, QObject*): 数据库连接成功，表名:"Words" 路径:"euwe_words.db"
[2026-06-14 09:20:20.497] [DEBUG] [DB] [0xf84] ..\..\..\core\database\DatabaseTableManager.cpp:128 - bool DatabaseTableManager::createTableIfNotExists(const QString&): 执行DDL成功:"CREATE TABLE IF NOT EXISTS Words (id INTEGER PRIMA"...
[2026-06-14 09:20:20.497] [INFO] [DB] [0xf84] ..\..\..\core\database\WordDatabaseManager.cpp:36 - WordDatabaseManager::WordDatabaseManager(const QString&, const QString&, const QString&, QObject*): Words 表已就绪，表名:"Words"
[2026-06-14 09:20:20.497] [INFO] [DB] [0xf84] ..\..\..\ui\main\MainController.cpp:68 - void MainController::initBackend(): 熟词库初始化成功
[2026-06-14 09:20:20.497] [DEBUG] [DB] [0xf84] ..\..\..\core\dictionary\LookupService.cpp:13 - LookupService::LookupService(const QSqlDatabase&, QObject*): LookupService 已初始化
[2026-06-14 09:28:10.946] [DEBUG] [DB] [0xf84] ..\..\..\core\database\DatabaseTableManager.cpp:67 - virtual DatabaseTableManager::~DatabaseTableManager(): 数据库连接关闭:"DBMgr_Words_1ec66c28820_1ec48c9bac0"
[2026-06-14 09:28:12.828] [INFO] [GEN] [0xa54] ..\..\..\tests\main.cpp:48 - void initAllLogging(): 日志系统初始化完成，所有分类已注册
[2026-06-14 09:28:12.828] [INFO] [GEN] [0xa54] ..\..\..\tests\main.cpp:48 - void initAllLogging(): 日志系统初始化完成，所有分类已注册
[2026-06-14 09:28:12.835] [DEBUG] [DB] [0xa54] ..\..\..\core\database\DatabaseTableManager.cpp:17 - DatabaseTableManager::DatabaseTableManager(const QString&, const QString&, const QString&, QObject*): DatabaseTableManager 构造，表名:"Words"
[2026-06-14 09:28:12.840] [INFO] [DB] [0xa54] ..\..\..\core\database\DatabaseTableManager.cpp:56 - DatabaseTableManager::DatabaseTableManager(const QString&, const QString&, const QString&, QObject*): 数据库连接成功，表名:"Words" 路径:"euwe_words.db"
[2026-06-14 09:28:12.840] [DEBUG] [DB] [0xa54] ..\..\..\core\database\DatabaseTableManager.cpp:128 - bool DatabaseTableManager::createTableIfNotExists(const QString&): 执行DDL成功:"CREATE TABLE IF NOT EXISTS Words (id INTEGER PRIMA"...
[2026-06-14 09:28:12.840] [INFO] [DB] [0xa54] ..\..\..\core\database\WordDatabaseManager.cpp:36 - WordDatabaseManager::WordDatabaseManager(const QString&, const QString&, const QString&, QObject*): Words 表已就绪，表名:"Words"
[2026-06-14 09:28:12.841] [DEBUG] [DB] [0xa54] ..\..\..\core\dictionary\LookupService.cpp:13 - LookupService::LookupService(const QSqlDatabase&, QObject*): LookupService 已初始化
[2026-06-14 09:28:13.168] [DEBUG] [DB] [0xa54] ..\..\..\core\database\DatabaseTableManager.cpp:17 - DatabaseTableManager::DatabaseTableManager(const QString&, const QString&, const QString&, QObject*): DatabaseTableManager 构造，表名:"Words"
[2026-06-14 09:28:13.169] [INFO] [DB] [0xa54] ..\..\..\core\database\DatabaseTableManager.cpp:56 - DatabaseTableManager::DatabaseTableManager(const QString&, const QString&, const QString&, QObject*): 数据库连接成功，表名:"Words" 路径:"euwe_words.db"
[2026-06-14 09:28:13.170] [DEBUG] [DB] [0xa54] ..\..\..\core\database\DatabaseTableManager.cpp:128 - bool DatabaseTableManager::createTableIfNotExists(const QString&): 执行DDL成功:"CREATE TABLE IF NOT EXISTS Words (id INTEGER PRIMA"...
[2026-06-14 09:28:13.170] [INFO] [DB] [0xa54] ..\..\..\core\database\WordDatabaseManager.cpp:36 - WordDatabaseManager::WordDatabaseManager(const QString&, const QString&, const QString&, QObject*): Words 表已就绪，表名:"Words"
[2026-06-14 09:28:13.170] [INFO] [DB] [0xa54] ..\..\..\ui\main\MainController.cpp:68 - void MainController::initBackend(): 熟词库初始化成功
[2026-06-14 09:28:13.170] [DEBUG] [DB] [0xa54] ..\..\..\core\dictionary\LookupService.cpp:13 - LookupService::LookupService(const QSqlDatabase&, QObject*): LookupService 已初始化
[2026-06-14 09:28:13.313] [FATAL] [GEN] [0xa54] ..\..\..\tests\main.cpp:64 - qMain(int, char**)::<lambda()>: QML对象创建失败
[2026-06-14 09:28:13.313] [FATAL] [GEN] [0xa54] ..\..\..\tests\main.cpp:64 - qMain(int, char**)::<lambda()>: QML对象创建失败
[2026-06-14 09:33:55.586] [DEBUG] [DB] [0xa54] ..\..\..\core\database\DatabaseTableManager.cpp:67 - virtual DatabaseTableManager::~DatabaseTableManager(): 数据库连接关闭:"DBMgr_Words_19903796270_1996579b9e0"
[2026-06-14 09:33:57.470] [INFO] [GEN] [0x5b64] ..\..\..\tests\main.cpp:48 - void initAllLogging(): 日志系统初始化完成，所有分类已注册
[2026-06-14 09:33:57.470] [INFO] [GEN] [0x5b64] ..\..\..\tests\main.cpp:48 - void initAllLogging(): 日志系统初始化完成，所有分类已注册
[2026-06-14 09:33:57.478] [DEBUG] [DB] [0x5b64] ..\..\..\core\database\DatabaseTableManager.cpp:17 - DatabaseTableManager::DatabaseTableManager(const QString&, const QString&, const QString&, QObject*): DatabaseTableManager 构造，表名:"Words"
[2026-06-14 09:33:57.482] [INFO] [DB] [0x5b64] ..\..\..\core\database\DatabaseTableManager.cpp:56 - DatabaseTableManager::DatabaseTableManager(const QString&, const QString&, const QString&, QObject*): 数据库连接成功，表名:"Words" 路径:"euwe_words.db"
[2026-06-14 09:33:57.482] [DEBUG] [DB] [0x5b64] ..\..\..\core\database\DatabaseTableManager.cpp:128 - bool DatabaseTableManager::createTableIfNotExists(const QString&): 执行DDL成功:"CREATE TABLE IF NOT EXISTS Words (id INTEGER PRIMA"...
[2026-06-14 09:33:57.482] [INFO] [DB] [0x5b64] ..\..\..\core\database\WordDatabaseManager.cpp:36 - WordDatabaseManager::WordDatabaseManager(const QString&, const QString&, const QString&, QObject*): Words 表已就绪，表名:"Words"
[2026-06-14 09:33:57.482] [DEBUG] [DB] [0x5b64] ..\..\..\core\dictionary\LookupService.cpp:13 - LookupService::LookupService(const QSqlDatabase&, QObject*): LookupService 已初始化
[2026-06-14 09:33:57.818] [DEBUG] [DB] [0x5b64] ..\..\..\core\database\DatabaseTableManager.cpp:17 - DatabaseTableManager::DatabaseTableManager(const QString&, const QString&, const QString&, QObject*): DatabaseTableManager 构造，表名:"Words"
[2026-06-14 09:33:57.819] [INFO] [DB] [0x5b64] ..\..\..\core\database\DatabaseTableManager.cpp:56 - DatabaseTableManager::DatabaseTableManager(const QString&, const QString&, const QString&, QObject*): 数据库连接成功，表名:"Words" 路径:"euwe_words.db"
[2026-06-14 09:33:57.819] [DEBUG] [DB] [0x5b64] ..\..\..\core\database\DatabaseTableManager.cpp:128 - bool DatabaseTableManager::createTableIfNotExists(const QString&): 执行DDL成功:"CREATE TABLE IF NOT EXISTS Words (id INTEGER PRIMA"...
[2026-06-14 09:33:57.819] [INFO] [DB] [0x5b64] ..\..\..\core\database\WordDatabaseManager.cpp:36 - WordDatabaseManager::WordDatabaseManager(const QString&, const QString&, const QString&, QObject*): Words 表已就绪，表名:"Words"
[2026-06-14 09:33:57.819] [INFO] [DB] [0x5b64] ..\..\..\ui\main\MainController.cpp:68 - void MainController::initBackend(): 熟词库初始化成功
[2026-06-14 09:33:57.819] [DEBUG] [DB] [0x5b64] ..\..\..\core\dictionary\LookupService.cpp:13 - LookupService::LookupService(const QSqlDatabase&, QObject*): LookupService 已初始化
[2026-06-14 09:40:28.683] [DEBUG] [DB] [0x5b64] ..\..\..\core\database\DatabaseTableManager.cpp:67 - virtual DatabaseTableManager::~DatabaseTableManager(): 数据库连接关闭:"DBMgr_Words_26bd91b8bb0_26bbb0ebb00"
[2026-06-14 09:40:30.551] [INFO] [GEN] [0x1ea8] ..\..\..\tests\main.cpp:48 - void initAllLogging(): 日志系统初始化完成，所有分类已注册
[2026-06-14 09:40:30.551] [INFO] [GEN] [0x1ea8] ..\..\..\tests\main.cpp:48 - void initAllLogging(): 日志系统初始化完成，所有分类已注册
[2026-06-14 09:40:30.559] [DEBUG] [DB] [0x1ea8] ..\..\..\core\database\DatabaseTableManager.cpp:17 - DatabaseTableManager::DatabaseTableManager(const QString&, const QString&, const QString&, QObject*): DatabaseTableManager 构造，表名:"Words"
[2026-06-14 09:40:30.564] [INFO] [DB] [0x1ea8] ..\..\..\core\database\DatabaseTableManager.cpp:56 - DatabaseTableManager::DatabaseTableManager(const QString&, const QString&, const QString&, QObject*): 数据库连接成功，表名:"Words" 路径:"euwe_words.db"
[2026-06-14 09:40:30.564] [DEBUG] [DB] [0x1ea8] ..\..\..\core\database\DatabaseTableManager.cpp:128 - bool DatabaseTableManager::createTableIfNotExists(const QString&): 执行DDL成功:"CREATE TABLE IF NOT EXISTS Words (id INTEGER PRIMA"...
[2026-06-14 09:40:30.564] [INFO] [DB] [0x1ea8] ..\..\..\core\database\WordDatabaseManager.cpp:36 - WordDatabaseManager::WordDatabaseManager(const QString&, const QString&, const QString&, QObject*): Words 表已就绪，表名:"Words"
[2026-06-14 09:40:30.565] [DEBUG] [DB] [0x1ea8] ..\..\..\core\dictionary\LookupService.cpp:13 - LookupService::LookupService(const QSqlDatabase&, QObject*): LookupService 已初始化
[2026-06-14 09:40:30.910] [DEBUG] [DB] [0x1ea8] ..\..\..\core\database\DatabaseTableManager.cpp:17 - DatabaseTableManager::DatabaseTableManager(const QString&, const QString&, const QString&, QObject*): DatabaseTableManager 构造，表名:"Words"
[2026-06-14 09:40:30.911] [INFO] [DB] [0x1ea8] ..\..\..\core\database\DatabaseTableManager.cpp:56 - DatabaseTableManager::DatabaseTableManager(const QString&, const QString&, const QString&, QObject*): 数据库连接成功，表名:"Words" 路径:"euwe_words.db"
[2026-06-14 09:40:30.911] [DEBUG] [DB] [0x1ea8] ..\..\..\core\database\DatabaseTableManager.cpp:128 - bool DatabaseTableManager::createTableIfNotExists(const QString&): 执行DDL成功:"CREATE TABLE IF NOT EXISTS Words (id INTEGER PRIMA"...
[2026-06-14 09:40:30.911] [INFO] [DB] [0x1ea8] ..\..\..\core\database\WordDatabaseManager.cpp:36 - WordDatabaseManager::WordDatabaseManager(const QString&, const QString&, const QString&, QObject*): Words 表已就绪，表名:"Words"
[2026-06-14 09:40:30.911] [INFO] [DB] [0x1ea8] ..\..\..\ui\main\MainController.cpp:68 - void MainController::initBackend(): 熟词库初始化成功
[2026-06-14 09:40:30.911] [DEBUG] [DB] [0x1ea8] ..\..\..\core\dictionary\LookupService.cpp:13 - LookupService::LookupService(const QSqlDatabase&, QObject*): LookupService 已初始化
[2026-06-14 09:42:34.176] [DEBUG] [DB] [0x1ea8] ..\..\..\core\database\DatabaseTableManager.cpp:67 - virtual DatabaseTableManager::~DatabaseTableManager(): 数据库连接关闭:"DBMgr_Words_252f3e71c80_252d5debca0"
[2026-06-14 09:42:36.078] [INFO] [GEN] [0xe2c] ..\..\..\tests\main.cpp:48 - void initAllLogging(): 日志系统初始化完成，所有分类已注册
[2026-06-14 09:42:36.078] [INFO] [GEN] [0xe2c] ..\..\..\tests\main.cpp:48 - void initAllLogging(): 日志系统初始化完成，所有分类已注册
[2026-06-14 09:42:36.085] [DEBUG] [DB] [0xe2c] ..\..\..\core\database\DatabaseTableManager.cpp:17 - DatabaseTableManager::DatabaseTableManager(const QString&, const QString&, const QString&, QObject*): DatabaseTableManager 构造，表名:"Words"
[2026-06-14 09:42:36.089] [INFO] [DB] [0xe2c] ..\..\..\core\database\DatabaseTableManager.cpp:56 - DatabaseTableManager::DatabaseTableManager(const QString&, const QString&, const QString&, QObject*): 数据库连接成功，表名:"Words" 路径:"euwe_words.db"
[2026-06-14 09:42:36.089] [DEBUG] [DB] [0xe2c] ..\..\..\core\database\DatabaseTableManager.cpp:128 - bool DatabaseTableManager::createTableIfNotExists(const QString&): 执行DDL成功:"CREATE TABLE IF NOT EXISTS Words (id INTEGER PRIMA"...
[2026-06-14 09:42:36.090] [INFO] [DB] [0xe2c] ..\..\..\core\database\WordDatabaseManager.cpp:36 - WordDatabaseManager::WordDatabaseManager(const QString&, const QString&, const QString&, QObject*): Words 表已就绪，表名:"Words"
[2026-06-14 09:42:36.090] [DEBUG] [DB] [0xe2c] ..\..\..\core\dictionary\LookupService.cpp:13 - LookupService::LookupService(const QSqlDatabase&, QObject*): LookupService 已初始化
[2026-06-14 09:42:36.416] [DEBUG] [DB] [0xe2c] ..\..\..\core\database\DatabaseTableManager.cpp:17 - DatabaseTableManager::DatabaseTableManager(const QString&, const QString&, const QString&, QObject*): DatabaseTableManager 构造，表名:"Words"
[2026-06-14 09:42:36.418] [INFO] [DB] [0xe2c] ..\..\..\core\database\DatabaseTableManager.cpp:56 - DatabaseTableManager::DatabaseTableManager(const QString&, const QString&, const QString&, QObject*): 数据库连接成功，表名:"Words" 路径:"euwe_words.db"
[2026-06-14 09:42:36.418] [DEBUG] [DB] [0xe2c] ..\..\..\core\database\DatabaseTableManager.cpp:128 - bool DatabaseTableManager::createTableIfNotExists(const QString&): 执行DDL成功:"CREATE TABLE IF NOT EXISTS Words (id INTEGER PRIMA"...
[2026-06-14 09:42:36.418] [INFO] [DB] [0xe2c] ..\..\..\core\database\WordDatabaseManager.cpp:36 - WordDatabaseManager::WordDatabaseManager(const QString&, const QString&, const QString&, QObject*): Words 表已就绪，表名:"Words"
[2026-06-14 09:42:36.418] [INFO] [DB] [0xe2c] ..\..\..\ui\main\MainController.cpp:68 - void MainController::initBackend(): 熟词库初始化成功
[2026-06-14 09:42:36.418] [DEBUG] [DB] [0xe2c] ..\..\..\core\dictionary\LookupService.cpp:13 - LookupService::LookupService(const QSqlDatabase&, QObject*): LookupService 已初始化
[2026-06-14 09:42:36.534] [FATAL] [GEN] [0xe2c] ..\..\..\tests\main.cpp:64 - qMain(int, char**)::<lambda()>: QML对象创建失败
[2026-06-14 09:42:36.534] [FATAL] [GEN] [0xe2c] ..\..\..\tests\main.cpp:64 - qMain(int, char**)::<lambda()>: QML对象创建失败
[2026-06-14 09:43:17.154] [DEBUG] [DB] [0xe2c] ..\..\..\core\database\DatabaseTableManager.cpp:67 - virtual DatabaseTableManager::~DatabaseTableManager(): 数据库连接关闭:"DBMgr_Words_2529d2c8e60_252ff19bac0"
[2026-06-14 09:44:38.027] [INFO] [GEN] [0x5764] ..\..\..\tests\main.cpp:48 - void initAllLogging(): 日志系统初始化完成，所有分类已注册
[2026-06-14 09:44:38.027] [INFO] [GEN] [0x5764] ..\..\..\tests\main.cpp:48 - void initAllLogging(): 日志系统初始化完成，所有分类已注册
[2026-06-14 09:44:38.034] [DEBUG] [DB] [0x5764] ..\..\..\core\database\DatabaseTableManager.cpp:17 - DatabaseTableManager::DatabaseTableManager(const QString&, const QString&, const QString&, QObject*): DatabaseTableManager 构造，表名:"Words"
[2026-06-14 09:44:38.037] [INFO] [DB] [0x5764] ..\..\..\core\database\DatabaseTableManager.cpp:56 - DatabaseTableManager::DatabaseTableManager(const QString&, const QString&, const QString&, QObject*): 数据库连接成功，表名:"Words" 路径:"euwe_words.db"
[2026-06-14 09:44:38.038] [DEBUG] [DB] [0x5764] ..\..\..\core\database\DatabaseTableManager.cpp:128 - bool DatabaseTableManager::createTableIfNotExists(const QString&): 执行DDL成功:"CREATE TABLE IF NOT EXISTS Words (id INTEGER PRIMA"...
[2026-06-14 09:44:38.038] [INFO] [DB] [0x5764] ..\..\..\core\database\WordDatabaseManager.cpp:36 - WordDatabaseManager::WordDatabaseManager(const QString&, const QString&, const QString&, QObject*): Words 表已就绪，表名:"Words"
[2026-06-14 09:44:38.038] [DEBUG] [DB] [0x5764] ..\..\..\core\dictionary\LookupService.cpp:13 - LookupService::LookupService(const QSqlDatabase&, QObject*): LookupService 已初始化
[2026-06-14 09:44:38.394] [DEBUG] [DB] [0x5764] ..\..\..\core\database\DatabaseTableManager.cpp:17 - DatabaseTableManager::DatabaseTableManager(const QString&, const QString&, const QString&, QObject*): DatabaseTableManager 构造，表名:"Words"
[2026-06-14 09:44:38.395] [INFO] [DB] [0x5764] ..\..\..\core\database\DatabaseTableManager.cpp:56 - DatabaseTableManager::DatabaseTableManager(const QString&, const QString&, const QString&, QObject*): 数据库连接成功，表名:"Words" 路径:"euwe_words.db"
[2026-06-14 09:44:38.396] [DEBUG] [DB] [0x5764] ..\..\..\core\database\DatabaseTableManager.cpp:128 - bool DatabaseTableManager::createTableIfNotExists(const QString&): 执行DDL成功:"CREATE TABLE IF NOT EXISTS Words (id INTEGER PRIMA"...
[2026-06-14 09:44:38.396] [INFO] [DB] [0x5764] ..\..\..\core\database\WordDatabaseManager.cpp:36 - WordDatabaseManager::WordDatabaseManager(const QString&, const QString&, const QString&, QObject*): Words 表已就绪，表名:"Words"
[2026-06-14 09:44:38.396] [INFO] [DB] [0x5764] ..\..\..\ui\main\MainController.cpp:68 - void MainController::initBackend(): 熟词库初始化成功
[2026-06-14 09:44:38.396] [DEBUG] [DB] [0x5764] ..\..\..\core\dictionary\LookupService.cpp:13 - LookupService::LookupService(const QSqlDatabase&, QObject*): LookupService 已初始化
[2026-06-14 09:44:51.040] [DEBUG] [DB] [0x5764] ..\..\..\core\database\DatabaseTableManager.cpp:67 - virtual DatabaseTableManager::~DatabaseTableManager(): 数据库连接关闭:"DBMgr_Words_21eb89bedb0_21e9ab2b9a0"
[2026-06-14 09:44:52.898] [INFO] [GEN] [0x42a8] ..\..\..\tests\main.cpp:48 - void initAllLogging(): 日志系统初始化完成，所有分类已注册
[2026-06-14 09:44:52.898] [INFO] [GEN] [0x42a8] ..\..\..\tests\main.cpp:48 - void initAllLogging(): 日志系统初始化完成，所有分类已注册
[2026-06-14 09:44:52.906] [DEBUG] [DB] [0x42a8] ..\..\..\core\database\DatabaseTableManager.cpp:17 - DatabaseTableManager::DatabaseTableManager(const QString&, const QString&, const QString&, QObject*): DatabaseTableManager 构造，表名:"Words"
[2026-06-14 09:44:52.910] [INFO] [DB] [0x42a8] ..\..\..\core\database\DatabaseTableManager.cpp:56 - DatabaseTableManager::DatabaseTableManager(const QString&, const QString&, const QString&, QObject*): 数据库连接成功，表名:"Words" 路径:"euwe_words.db"
[2026-06-14 09:44:52.911] [DEBUG] [DB] [0x42a8] ..\..\..\core\database\DatabaseTableManager.cpp:128 - bool DatabaseTableManager::createTableIfNotExists(const QString&): 执行DDL成功:"CREATE TABLE IF NOT EXISTS Words (id INTEGER PRIMA"...
[2026-06-14 09:44:52.911] [INFO] [DB] [0x42a8] ..\..\..\core\database\WordDatabaseManager.cpp:36 - WordDatabaseManager::WordDatabaseManager(const QString&, const QString&, const QString&, QObject*): Words 表已就绪，表名:"Words"
[2026-06-14 09:44:52.911] [DEBUG] [DB] [0x42a8] ..\..\..\core\dictionary\LookupService.cpp:13 - LookupService::LookupService(const QSqlDatabase&, QObject*): LookupService 已初始化
[2026-06-14 09:44:53.255] [DEBUG] [DB] [0x42a8] ..\..\..\core\database\DatabaseTableManager.cpp:17 - DatabaseTableManager::DatabaseTableManager(const QString&, const QString&, const QString&, QObject*): DatabaseTableManager 构造，表名:"Words"
[2026-06-14 09:44:53.256] [INFO] [DB] [0x42a8] ..\..\..\core\database\DatabaseTableManager.cpp:56 - DatabaseTableManager::DatabaseTableManager(const QString&, const QString&, const QString&, QObject*): 数据库连接成功，表名:"Words" 路径:"euwe_words.db"
[2026-06-14 09:44:53.256] [DEBUG] [DB] [0x42a8] ..\..\..\core\database\DatabaseTableManager.cpp:128 - bool DatabaseTableManager::createTableIfNotExists(const QString&): 执行DDL成功:"CREATE TABLE IF NOT EXISTS Words (id INTEGER PRIMA"...
[2026-06-14 09:44:53.256] [INFO] [DB] [0x42a8] ..\..\..\core\database\WordDatabaseManager.cpp:36 - WordDatabaseManager::WordDatabaseManager(const QString&, const QString&, const QString&, QObject*): Words 表已就绪，表名:"Words"
[2026-06-14 09:44:53.256] [INFO] [DB] [0x42a8] ..\..\..\ui\main\MainController.cpp:68 - void MainController::initBackend(): 熟词库初始化成功
[2026-06-14 09:44:53.256] [DEBUG] [DB] [0x42a8] ..\..\..\core\dictionary\LookupService.cpp:13 - LookupService::LookupService(const QSqlDatabase&, QObject*): LookupService 已初始化
[2026-06-14 09:45:01.441] [DEBUG] [DB] [0x42a8] ..\..\..\core\database\DatabaseTableManager.cpp:67 - virtual DatabaseTableManager::~DatabaseTableManager(): 数据库连接关闭:"DBMgr_Words_1ea42e5ea30_1ea24c5bce0"
[2026-06-14 09:45:03.335] [INFO] [GEN] [0xa58] ..\..\..\tests\main.cpp:48 - void initAllLogging(): 日志系统初始化完成，所有分类已注册
[2026-06-14 09:45:03.335] [INFO] [GEN] [0xa58] ..\..\..\tests\main.cpp:48 - void initAllLogging(): 日志系统初始化完成，所有分类已注册
[2026-06-14 09:45:03.343] [DEBUG] [DB] [0xa58] ..\..\..\core\database\DatabaseTableManager.cpp:17 - DatabaseTableManager::DatabaseTableManager(const QString&, const QString&, const QString&, QObject*): DatabaseTableManager 构造，表名:"Words"
[2026-06-14 09:45:03.347] [INFO] [DB] [0xa58] ..\..\..\core\database\DatabaseTableManager.cpp:56 - DatabaseTableManager::DatabaseTableManager(const QString&, const QString&, const QString&, QObject*): 数据库连接成功，表名:"Words" 路径:"euwe_words.db"
[2026-06-14 09:45:03.347] [DEBUG] [DB] [0xa58] ..\..\..\core\database\DatabaseTableManager.cpp:128 - bool DatabaseTableManager::createTableIfNotExists(const QString&): 执行DDL成功:"CREATE TABLE IF NOT EXISTS Words (id INTEGER PRIMA"...
[2026-06-14 09:45:03.347] [INFO] [DB] [0xa58] ..\..\..\core\database\WordDatabaseManager.cpp:36 - WordDatabaseManager::WordDatabaseManager(const QString&, const QString&, const QString&, QObject*): Words 表已就绪，表名:"Words"
[2026-06-14 09:45:03.347] [DEBUG] [DB] [0xa58] ..\..\..\core\dictionary\LookupService.cpp:13 - LookupService::LookupService(const QSqlDatabase&, QObject*): LookupService 已初始化
[2026-06-14 09:45:03.692] [DEBUG] [DB] [0xa58] ..\..\..\core\database\DatabaseTableManager.cpp:17 - DatabaseTableManager::DatabaseTableManager(const QString&, const QString&, const QString&, QObject*): DatabaseTableManager 构造，表名:"Words"
[2026-06-14 09:45:03.693] [INFO] [DB] [0xa58] ..\..\..\core\database\DatabaseTableManager.cpp:56 - DatabaseTableManager::DatabaseTableManager(const QString&, const QString&, const QString&, QObject*): 数据库连接成功，表名:"Words" 路径:"euwe_words.db"
[2026-06-14 09:45:03.693] [DEBUG] [DB] [0xa58] ..\..\..\core\database\DatabaseTableManager.cpp:128 - bool DatabaseTableManager::createTableIfNotExists(const QString&): 执行DDL成功:"CREATE TABLE IF NOT EXISTS Words (id INTEGER PRIMA"...
[2026-06-14 09:45:03.693] [INFO] [DB] [0xa58] ..\..\..\core\database\WordDatabaseManager.cpp:36 - WordDatabaseManager::WordDatabaseManager(const QString&, const QString&, const QString&, QObject*): Words 表已就绪，表名:"Words"
[2026-06-14 09:45:03.693] [INFO] [DB] [0xa58] ..\..\..\ui\main\MainController.cpp:68 - void MainController::initBackend(): 熟词库初始化成功
[2026-06-14 09:45:03.693] [DEBUG] [DB] [0xa58] ..\..\..\core\dictionary\LookupService.cpp:13 - LookupService::LookupService(const QSqlDatabase&, QObject*): LookupService 已初始化
[2026-06-14 09:48:16.935] [DEBUG] [DB] [0xa58] ..\..\..\core\database\DatabaseTableManager.cpp:67 - virtual DatabaseTableManager::~DatabaseTableManager(): 数据库连接关闭:"DBMgr_Words_278f06d8f00_278d278bd20"
[2026-06-14 09:48:18.837] [INFO] [GEN] [0x27ac] ..\..\..\tests\main.cpp:48 - void initAllLogging(): 日志系统初始化完成，所有分类已注册
[2026-06-14 09:48:18.837] [INFO] [GEN] [0x27ac] ..\..\..\tests\main.cpp:48 - void initAllLogging(): 日志系统初始化完成，所有分类已注册
[2026-06-14 09:48:18.843] [DEBUG] [DB] [0x27ac] ..\..\..\core\database\DatabaseTableManager.cpp:17 - DatabaseTableManager::DatabaseTableManager(const QString&, const QString&, const QString&, QObject*): DatabaseTableManager 构造，表名:"Words"
[2026-06-14 09:48:18.847] [INFO] [DB] [0x27ac] ..\..\..\core\database\DatabaseTableManager.cpp:56 - DatabaseTableManager::DatabaseTableManager(const QString&, const QString&, const QString&, QObject*): 数据库连接成功，表名:"Words" 路径:"euwe_words.db"
[2026-06-14 09:48:18.847] [DEBUG] [DB] [0x27ac] ..\..\..\core\database\DatabaseTableManager.cpp:128 - bool DatabaseTableManager::createTableIfNotExists(const QString&): 执行DDL成功:"CREATE TABLE IF NOT EXISTS Words (id INTEGER PRIMA"...
[2026-06-14 09:48:18.847] [INFO] [DB] [0x27ac] ..\..\..\core\database\WordDatabaseManager.cpp:36 - WordDatabaseManager::WordDatabaseManager(const QString&, const QString&, const QString&, QObject*): Words 表已就绪，表名:"Words"
[2026-06-14 09:48:18.848] [DEBUG] [DB] [0x27ac] ..\..\..\core\dictionary\LookupService.cpp:13 - LookupService::LookupService(const QSqlDatabase&, QObject*): LookupService 已初始化
[2026-06-14 09:48:19.193] [DEBUG] [DB] [0x27ac] ..\..\..\core\database\DatabaseTableManager.cpp:17 - DatabaseTableManager::DatabaseTableManager(const QString&, const QString&, const QString&, QObject*): DatabaseTableManager 构造，表名:"Words"
[2026-06-14 09:48:19.194] [INFO] [DB] [0x27ac] ..\..\..\core\database\DatabaseTableManager.cpp:56 - DatabaseTableManager::DatabaseTableManager(const QString&, const QString&, const QString&, QObject*): 数据库连接成功，表名:"Words" 路径:"euwe_words.db"
[2026-06-14 09:48:19.194] [DEBUG] [DB] [0x27ac] ..\..\..\core\database\DatabaseTableManager.cpp:128 - bool DatabaseTableManager::createTableIfNotExists(const QString&): 执行DDL成功:"CREATE TABLE IF NOT EXISTS Words (id INTEGER PRIMA"...
[2026-06-14 09:48:19.194] [INFO] [DB] [0x27ac] ..\..\..\core\database\WordDatabaseManager.cpp:36 - WordDatabaseManager::WordDatabaseManager(const QString&, const QString&, const QString&, QObject*): Words 表已就绪，表名:"Words"
[2026-06-14 09:48:19.194] [INFO] [DB] [0x27ac] ..\..\..\ui\main\MainController.cpp:68 - void MainController::initBackend(): 熟词库初始化成功
[2026-06-14 09:48:19.194] [DEBUG] [DB] [0x27ac] ..\..\..\core\dictionary\LookupService.cpp:13 - LookupService::LookupService(const QSqlDatabase&, QObject*): LookupService 已初始化
[2026-06-14 09:48:19.319] [FATAL] [GEN] [0x27ac] ..\..\..\tests\main.cpp:64 - qMain(int, char**)::<lambda()>: QML对象创建失败
[2026-06-14 09:48:19.319] [FATAL] [GEN] [0x27ac] ..\..\..\tests\main.cpp:64 - qMain(int, char**)::<lambda()>: QML对象创建失败
[2026-06-14 09:48:23.415] [DEBUG] [DB] [0x27ac] ..\..\..\core\database\DatabaseTableManager.cpp:67 - virtual DatabaseTableManager::~DatabaseTableManager(): 数据库连接关闭:"DBMgr_Words_26ad1fdf070_26ab3cdba00"
[2026-06-14 09:51:00.765] [INFO] [GEN] [0x5174] ..\..\..\tests\main.cpp:48 - void initAllLogging(): 日志系统初始化完成，所有分类已注册
[2026-06-14 09:51:00.765] [INFO] [GEN] [0x5174] ..\..\..\tests\main.cpp:48 - void initAllLogging(): 日志系统初始化完成，所有分类已注册
[2026-06-14 09:51:00.772] [DEBUG] [DB] [0x5174] ..\..\..\core\database\DatabaseTableManager.cpp:17 - DatabaseTableManager::DatabaseTableManager(const QString&, const QString&, const QString&, QObject*): DatabaseTableManager 构造，表名:"Words"
[2026-06-14 09:51:00.779] [INFO] [DB] [0x5174] ..\..\..\core\database\DatabaseTableManager.cpp:56 - DatabaseTableManager::DatabaseTableManager(const QString&, const QString&, const QString&, QObject*): 数据库连接成功，表名:"Words" 路径:"euwe_words.db"
[2026-06-14 09:51:00.779] [DEBUG] [DB] [0x5174] ..\..\..\core\database\DatabaseTableManager.cpp:128 - bool DatabaseTableManager::createTableIfNotExists(const QString&): 执行DDL成功:"CREATE TABLE IF NOT EXISTS Words (id INTEGER PRIMA"...
[2026-06-14 09:51:00.779] [INFO] [DB] [0x5174] ..\..\..\core\database\WordDatabaseManager.cpp:36 - WordDatabaseManager::WordDatabaseManager(const QString&, const QString&, const QString&, QObject*): Words 表已就绪，表名:"Words"
[2026-06-14 09:51:00.780] [DEBUG] [DB] [0x5174] ..\..\..\core\dictionary\LookupService.cpp:13 - LookupService::LookupService(const QSqlDatabase&, QObject*): LookupService 已初始化
[2026-06-14 09:51:01.185] [DEBUG] [DB] [0x5174] ..\..\..\core\database\DatabaseTableManager.cpp:17 - DatabaseTableManager::DatabaseTableManager(const QString&, const QString&, const QString&, QObject*): DatabaseTableManager 构造，表名:"Words"
[2026-06-14 09:51:01.186] [INFO] [DB] [0x5174] ..\..\..\core\database\DatabaseTableManager.cpp:56 - DatabaseTableManager::DatabaseTableManager(const QString&, const QString&, const QString&, QObject*): 数据库连接成功，表名:"Words" 路径:"euwe_words.db"
[2026-06-14 09:51:01.187] [DEBUG] [DB] [0x5174] ..\..\..\core\database\DatabaseTableManager.cpp:128 - bool DatabaseTableManager::createTableIfNotExists(const QString&): 执行DDL成功:"CREATE TABLE IF NOT EXISTS Words (id INTEGER PRIMA"...
[2026-06-14 09:51:01.187] [INFO] [DB] [0x5174] ..\..\..\core\database\WordDatabaseManager.cpp:36 - WordDatabaseManager::WordDatabaseManager(const QString&, const QString&, const QString&, QObject*): Words 表已就绪，表名:"Words"
[2026-06-14 09:51:01.187] [INFO] [DB] [0x5174] ..\..\..\ui\main\MainController.cpp:68 - void MainController::initBackend(): 熟词库初始化成功
[2026-06-14 09:51:01.187] [DEBUG] [DB] [0x5174] ..\..\..\core\dictionary\LookupService.cpp:13 - LookupService::LookupService(const QSqlDatabase&, QObject*): LookupService 已初始化
[2026-06-14 09:51:01.377] [FATAL] [GEN] [0x5174] ..\..\..\tests\main.cpp:64 - qMain(int, char**)::<lambda()>: QML对象创建失败
[2026-06-14 09:51:01.377] [FATAL] [GEN] [0x5174] ..\..\..\tests\main.cpp:64 - qMain(int, char**)::<lambda()>: QML对象创建失败
[2026-06-14 09:51:11.993] [DEBUG] [DB] [0x5174] ..\..\..\core\database\DatabaseTableManager.cpp:67 - virtual DatabaseTableManager::~DatabaseTableManager(): 数据库连接关闭:"DBMgr_Words_18f77b7c390_18f59b5bc20"
[2026-06-14 09:51:13.854] [INFO] [GEN] [0x4cb0] ..\..\..\tests\main.cpp:48 - void initAllLogging(): 日志系统初始化完成，所有分类已注册
[2026-06-14 09:51:13.854] [INFO] [GEN] [0x4cb0] ..\..\..\tests\main.cpp:48 - void initAllLogging(): 日志系统初始化完成，所有分类已注册
[2026-06-14 09:51:13.862] [DEBUG] [DB] [0x4cb0] ..\..\..\core\database\DatabaseTableManager.cpp:17 - DatabaseTableManager::DatabaseTableManager(const QString&, const QString&, const QString&, QObject*): DatabaseTableManager 构造，表名:"Words"
[2026-06-14 09:51:13.867] [INFO] [DB] [0x4cb0] ..\..\..\core\database\DatabaseTableManager.cpp:56 - DatabaseTableManager::DatabaseTableManager(const QString&, const QString&, const QString&, QObject*): 数据库连接成功，表名:"Words" 路径:"euwe_words.db"
[2026-06-14 09:51:13.868] [DEBUG] [DB] [0x4cb0] ..\..\..\core\database\DatabaseTableManager.cpp:128 - bool DatabaseTableManager::createTableIfNotExists(const QString&): 执行DDL成功:"CREATE TABLE IF NOT EXISTS Words (id INTEGER PRIMA"...
[2026-06-14 09:51:13.868] [INFO] [DB] [0x4cb0] ..\..\..\core\database\WordDatabaseManager.cpp:36 - WordDatabaseManager::WordDatabaseManager(const QString&, const QString&, const QString&, QObject*): Words 表已就绪，表名:"Words"
[2026-06-14 09:51:13.868] [DEBUG] [DB] [0x4cb0] ..\..\..\core\dictionary\LookupService.cpp:13 - LookupService::LookupService(const QSqlDatabase&, QObject*): LookupService 已初始化
[2026-06-14 09:51:14.200] [DEBUG] [DB] [0x4cb0] ..\..\..\core\database\DatabaseTableManager.cpp:17 - DatabaseTableManager::DatabaseTableManager(const QString&, const QString&, const QString&, QObject*): DatabaseTableManager 构造，表名:"Words"
[2026-06-14 09:51:14.201] [INFO] [DB] [0x4cb0] ..\..\..\core\database\DatabaseTableManager.cpp:56 - DatabaseTableManager::DatabaseTableManager(const QString&, const QString&, const QString&, QObject*): 数据库连接成功，表名:"Words" 路径:"euwe_words.db"
[2026-06-14 09:51:14.201] [DEBUG] [DB] [0x4cb0] ..\..\..\core\database\DatabaseTableManager.cpp:128 - bool DatabaseTableManager::createTableIfNotExists(const QString&): 执行DDL成功:"CREATE TABLE IF NOT EXISTS Words (id INTEGER PRIMA"...
[2026-06-14 09:51:14.201] [INFO] [DB] [0x4cb0] ..\..\..\core\database\WordDatabaseManager.cpp:36 - WordDatabaseManager::WordDatabaseManager(const QString&, const QString&, const QString&, QObject*): Words 表已就绪，表名:"Words"
[2026-06-14 09:51:14.202] [INFO] [DB] [0x4cb0] ..\..\..\ui\main\MainController.cpp:68 - void MainController::initBackend(): 熟词库初始化成功
[2026-06-14 09:51:14.202] [DEBUG] [DB] [0x4cb0] ..\..\..\core\dictionary\LookupService.cpp:13 - LookupService::LookupService(const QSqlDatabase&, QObject*): LookupService 已初始化
[2026-06-14 09:51:14.337] [FATAL] [GEN] [0x4cb0] ..\..\..\tests\main.cpp:64 - qMain(int, char**)::<lambda()>: QML对象创建失败
[2026-06-14 09:51:14.337] [FATAL] [GEN] [0x4cb0] ..\..\..\tests\main.cpp:64 - qMain(int, char**)::<lambda()>: QML对象创建失败
[2026-06-14 09:51:15.828] [DEBUG] [DB] [0x4cb0] ..\..\..\core\database\DatabaseTableManager.cpp:67 - virtual DatabaseTableManager::~DatabaseTableManager(): 数据库连接关闭:"DBMgr_Words_24fbd459bd0_24f9f35ba80"
[2026-06-14 09:51:26.680] [INFO] [GEN] [0x29c0] ..\..\..\tests\main.cpp:48 - void initAllLogging(): 日志系统初始化完成，所有分类已注册
[2026-06-14 09:51:26.680] [INFO] [GEN] [0x29c0] ..\..\..\tests\main.cpp:48 - void initAllLogging(): 日志系统初始化完成，所有分类已注册
[2026-06-14 09:51:26.689] [DEBUG] [DB] [0x29c0] ..\..\..\core\database\DatabaseTableManager.cpp:17 - DatabaseTableManager::DatabaseTableManager(const QString&, const QString&, const QString&, QObject*): DatabaseTableManager 构造，表名:"Words"
[2026-06-14 09:51:26.698] [INFO] [DB] [0x29c0] ..\..\..\core\database\DatabaseTableManager.cpp:56 - DatabaseTableManager::DatabaseTableManager(const QString&, const QString&, const QString&, QObject*): 数据库连接成功，表名:"Words" 路径:"euwe_words.db"
[2026-06-14 09:51:26.699] [DEBUG] [DB] [0x29c0] ..\..\..\core\database\DatabaseTableManager.cpp:128 - bool DatabaseTableManager::createTableIfNotExists(const QString&): 执行DDL成功:"CREATE TABLE IF NOT EXISTS Words (id INTEGER PRIMA"...
[2026-06-14 09:51:26.699] [INFO] [DB] [0x29c0] ..\..\..\core\database\WordDatabaseManager.cpp:36 - WordDatabaseManager::WordDatabaseManager(const QString&, const QString&, const QString&, QObject*): Words 表已就绪，表名:"Words"
[2026-06-14 09:51:26.700] [DEBUG] [DB] [0x29c0] ..\..\..\core\dictionary\LookupService.cpp:13 - LookupService::LookupService(const QSqlDatabase&, QObject*): LookupService 已初始化
[2026-06-14 09:51:27.891] [DEBUG] [DB] [0x29c0] ..\..\..\core\database\DatabaseTableManager.cpp:17 - DatabaseTableManager::DatabaseTableManager(const QString&, const QString&, const QString&, QObject*): DatabaseTableManager 构造，表名:"Words"
[2026-06-14 09:51:27.893] [INFO] [DB] [0x29c0] ..\..\..\core\database\DatabaseTableManager.cpp:56 - DatabaseTableManager::DatabaseTableManager(const QString&, const QString&, const QString&, QObject*): 数据库连接成功，表名:"Words" 路径:"euwe_words.db"
[2026-06-14 09:51:27.895] [DEBUG] [DB] [0x29c0] ..\..\..\core\database\DatabaseTableManager.cpp:128 - bool DatabaseTableManager::createTableIfNotExists(const QString&): 执行DDL成功:"CREATE TABLE IF NOT EXISTS Words (id INTEGER PRIMA"...
[2026-06-14 09:51:27.896] [INFO] [DB] [0x29c0] ..\..\..\core\database\WordDatabaseManager.cpp:36 - WordDatabaseManager::WordDatabaseManager(const QString&, const QString&, const QString&, QObject*): Words 表已就绪，表名:"Words"
[2026-06-14 09:51:27.896] [INFO] [DB] [0x29c0] ..\..\..\ui\main\MainController.cpp:68 - void MainController::initBackend(): 熟词库初始化成功
[2026-06-14 09:51:27.897] [DEBUG] [DB] [0x29c0] ..\..\..\core\dictionary\LookupService.cpp:13 - LookupService::LookupService(const QSqlDatabase&, QObject*): LookupService 已初始化
[2026-06-14 09:51:28.292] [FATAL] [GEN] [0x29c0] ..\..\..\tests\main.cpp:64 - qMain(int, char**)::<lambda()>: QML对象创建失败
[2026-06-14 09:51:28.292] [FATAL] [GEN] [0x29c0] ..\..\..\tests\main.cpp:64 - qMain(int, char**)::<lambda()>: QML对象创建失败
[2026-06-14 09:56:34.362] [INFO] [GEN] [0x54f0] ..\..\..\tests\main.cpp:48 - void initAllLogging(): 日志系统初始化完成，所有分类已注册
[2026-06-14 09:56:34.362] [INFO] [GEN] [0x54f0] ..\..\..\tests\main.cpp:48 - void initAllLogging(): 日志系统初始化完成，所有分类已注册
[2026-06-14 09:56:34.371] [DEBUG] [DB] [0x54f0] ..\..\..\core\database\DatabaseTableManager.cpp:17 - DatabaseTableManager::DatabaseTableManager(const QString&, const QString&, const QString&, QObject*): DatabaseTableManager 构造，表名:"Words"
[2026-06-14 09:56:34.375] [INFO] [DB] [0x54f0] ..\..\..\core\database\DatabaseTableManager.cpp:56 - DatabaseTableManager::DatabaseTableManager(const QString&, const QString&, const QString&, QObject*): 数据库连接成功，表名:"Words" 路径:"euwe_words.db"
[2026-06-14 09:56:34.376] [DEBUG] [DB] [0x54f0] ..\..\..\core\database\DatabaseTableManager.cpp:128 - bool DatabaseTableManager::createTableIfNotExists(const QString&): 执行DDL成功:"CREATE TABLE IF NOT EXISTS Words (id INTEGER PRIMA"...
[2026-06-14 09:56:34.376] [INFO] [DB] [0x54f0] ..\..\..\core\database\WordDatabaseManager.cpp:36 - WordDatabaseManager::WordDatabaseManager(const QString&, const QString&, const QString&, QObject*): Words 表已就绪，表名:"Words"
[2026-06-14 09:56:34.376] [DEBUG] [DB] [0x54f0] ..\..\..\core\dictionary\LookupService.cpp:13 - LookupService::LookupService(const QSqlDatabase&, QObject*): LookupService 已初始化
[2026-06-14 09:56:34.702] [DEBUG] [DB] [0x54f0] ..\..\..\core\database\DatabaseTableManager.cpp:17 - DatabaseTableManager::DatabaseTableManager(const QString&, const QString&, const QString&, QObject*): DatabaseTableManager 构造，表名:"Words"
[2026-06-14 09:56:34.703] [INFO] [DB] [0x54f0] ..\..\..\core\database\DatabaseTableManager.cpp:56 - DatabaseTableManager::DatabaseTableManager(const QString&, const QString&, const QString&, QObject*): 数据库连接成功，表名:"Words" 路径:"euwe_words.db"
[2026-06-14 09:56:34.703] [DEBUG] [DB] [0x54f0] ..\..\..\core\database\DatabaseTableManager.cpp:128 - bool DatabaseTableManager::createTableIfNotExists(const QString&): 执行DDL成功:"CREATE TABLE IF NOT EXISTS Words (id INTEGER PRIMA"...
[2026-06-14 09:56:34.704] [INFO] [DB] [0x54f0] ..\..\..\core\database\WordDatabaseManager.cpp:36 - WordDatabaseManager::WordDatabaseManager(const QString&, const QString&, const QString&, QObject*): Words 表已就绪，表名:"Words"
[2026-06-14 09:56:34.704] [INFO] [DB] [0x54f0] ..\..\..\ui\main\MainController.cpp:68 - void MainController::initBackend(): 熟词库初始化成功
[2026-06-14 09:56:34.704] [DEBUG] [DB] [0x54f0] ..\..\..\core\dictionary\LookupService.cpp:13 - LookupService::LookupService(const QSqlDatabase&, QObject*): LookupService 已初始化
[2026-06-14 09:56:34.834] [FATAL] [GEN] [0x54f0] ..\..\..\tests\main.cpp:64 - qMain(int, char**)::<lambda()>: QML对象创建失败
[2026-06-14 09:56:34.834] [FATAL] [GEN] [0x54f0] ..\..\..\tests\main.cpp:64 - qMain(int, char**)::<lambda()>: QML对象创建失败
[2026-06-14 09:59:00.062] [DEBUG] [DB] [0x54f0] ..\..\..\core\database\DatabaseTableManager.cpp:67 - virtual DatabaseTableManager::~DatabaseTableManager(): 数据库连接关闭:"DBMgr_Words_1fdbbb868e0_1fd9dc1bb00"
[2026-06-14 09:59:01.936] [INFO] [GEN] [0x449c] ..\..\..\tests\main.cpp:48 - void initAllLogging(): 日志系统初始化完成，所有分类已注册
[2026-06-14 09:59:01.936] [INFO] [GEN] [0x449c] ..\..\..\tests\main.cpp:48 - void initAllLogging(): 日志系统初始化完成，所有分类已注册
[2026-06-14 09:59:01.944] [DEBUG] [DB] [0x449c] ..\..\..\core\database\DatabaseTableManager.cpp:17 - DatabaseTableManager::DatabaseTableManager(const QString&, const QString&, const QString&, QObject*): DatabaseTableManager 构造，表名:"Words"
[2026-06-14 09:59:01.949] [INFO] [DB] [0x449c] ..\..\..\core\database\DatabaseTableManager.cpp:56 - DatabaseTableManager::DatabaseTableManager(const QString&, const QString&, const QString&, QObject*): 数据库连接成功，表名:"Words" 路径:"euwe_words.db"
[2026-06-14 09:59:01.950] [DEBUG] [DB] [0x449c] ..\..\..\core\database\DatabaseTableManager.cpp:128 - bool DatabaseTableManager::createTableIfNotExists(const QString&): 执行DDL成功:"CREATE TABLE IF NOT EXISTS Words (id INTEGER PRIMA"...
[2026-06-14 09:59:01.950] [INFO] [DB] [0x449c] ..\..\..\core\database\WordDatabaseManager.cpp:36 - WordDatabaseManager::WordDatabaseManager(const QString&, const QString&, const QString&, QObject*): Words 表已就绪，表名:"Words"
[2026-06-14 09:59:01.950] [DEBUG] [DB] [0x449c] ..\..\..\core\dictionary\LookupService.cpp:13 - LookupService::LookupService(const QSqlDatabase&, QObject*): LookupService 已初始化
[2026-06-14 09:59:02.272] [DEBUG] [DB] [0x449c] ..\..\..\core\database\DatabaseTableManager.cpp:17 - DatabaseTableManager::DatabaseTableManager(const QString&, const QString&, const QString&, QObject*): DatabaseTableManager 构造，表名:"Words"
[2026-06-14 09:59:02.273] [INFO] [DB] [0x449c] ..\..\..\core\database\DatabaseTableManager.cpp:56 - DatabaseTableManager::DatabaseTableManager(const QString&, const QString&, const QString&, QObject*): 数据库连接成功，表名:"Words" 路径:"euwe_words.db"
[2026-06-14 09:59:02.274] [DEBUG] [DB] [0x449c] ..\..\..\core\database\DatabaseTableManager.cpp:128 - bool DatabaseTableManager::createTableIfNotExists(const QString&): 执行DDL成功:"CREATE TABLE IF NOT EXISTS Words (id INTEGER PRIMA"...
[2026-06-14 09:59:02.274] [INFO] [DB] [0x449c] ..\..\..\core\database\WordDatabaseManager.cpp:36 - WordDatabaseManager::WordDatabaseManager(const QString&, const QString&, const QString&, QObject*): Words 表已就绪，表名:"Words"
[2026-06-14 09:59:02.274] [INFO] [DB] [0x449c] ..\..\..\ui\main\MainController.cpp:68 - void MainController::initBackend(): 熟词库初始化成功
[2026-06-14 09:59:02.274] [DEBUG] [DB] [0x449c] ..\..\..\core\dictionary\LookupService.cpp:13 - LookupService::LookupService(const QSqlDatabase&, QObject*): LookupService 已初始化
[2026-06-14 09:59:02.416] [FATAL] [GEN] [0x449c] ..\..\..\tests\main.cpp:64 - qMain(int, char**)::<lambda()>: QML对象创建失败
[2026-06-14 09:59:02.416] [FATAL] [GEN] [0x449c] ..\..\..\tests\main.cpp:64 - qMain(int, char**)::<lambda()>: QML对象创建失败
[2026-06-14 09:59:06.340] [DEBUG] [DB] [0x449c] ..\..\..\core\database\DatabaseTableManager.cpp:67 - virtual DatabaseTableManager::~DatabaseTableManager(): 数据库连接关闭:"DBMgr_Words_1984dcbf610_1982fd2bb00"
[2026-06-14 09:59:08.384] [INFO] [GEN] [0x35e8] ..\..\..\tests\main.cpp:48 - void initAllLogging(): 日志系统初始化完成，所有分类已注册
[2026-06-14 09:59:08.384] [INFO] [GEN] [0x35e8] ..\..\..\tests\main.cpp:48 - void initAllLogging(): 日志系统初始化完成，所有分类已注册
[2026-06-14 09:59:08.393] [DEBUG] [DB] [0x35e8] ..\..\..\core\database\DatabaseTableManager.cpp:17 - DatabaseTableManager::DatabaseTableManager(const QString&, const QString&, const QString&, QObject*): DatabaseTableManager 构造，表名:"Words"
[2026-06-14 09:59:08.396] [INFO] [DB] [0x35e8] ..\..\..\core\database\DatabaseTableManager.cpp:56 - DatabaseTableManager::DatabaseTableManager(const QString&, const QString&, const QString&, QObject*): 数据库连接成功，表名:"Words" 路径:"euwe_words.db"
[2026-06-14 09:59:08.397] [DEBUG] [DB] [0x35e8] ..\..\..\core\database\DatabaseTableManager.cpp:128 - bool DatabaseTableManager::createTableIfNotExists(const QString&): 执行DDL成功:"CREATE TABLE IF NOT EXISTS Words (id INTEGER PRIMA"...
[2026-06-14 09:59:08.397] [INFO] [DB] [0x35e8] ..\..\..\core\database\WordDatabaseManager.cpp:36 - WordDatabaseManager::WordDatabaseManager(const QString&, const QString&, const QString&, QObject*): Words 表已就绪，表名:"Words"
[2026-06-14 09:59:08.397] [DEBUG] [DB] [0x35e8] ..\..\..\core\dictionary\LookupService.cpp:13 - LookupService::LookupService(const QSqlDatabase&, QObject*): LookupService 已初始化
[2026-06-14 09:59:08.719] [DEBUG] [DB] [0x35e8] ..\..\..\core\database\DatabaseTableManager.cpp:17 - DatabaseTableManager::DatabaseTableManager(const QString&, const QString&, const QString&, QObject*): DatabaseTableManager 构造，表名:"Words"
[2026-06-14 09:59:08.720] [INFO] [DB] [0x35e8] ..\..\..\core\database\DatabaseTableManager.cpp:56 - DatabaseTableManager::DatabaseTableManager(const QString&, const QString&, const QString&, QObject*): 数据库连接成功，表名:"Words" 路径:"euwe_words.db"
[2026-06-14 09:59:08.720] [DEBUG] [DB] [0x35e8] ..\..\..\core\database\DatabaseTableManager.cpp:128 - bool DatabaseTableManager::createTableIfNotExists(const QString&): 执行DDL成功:"CREATE TABLE IF NOT EXISTS Words (id INTEGER PRIMA"...
[2026-06-14 09:59:08.720] [INFO] [DB] [0x35e8] ..\..\..\core\database\WordDatabaseManager.cpp:36 - WordDatabaseManager::WordDatabaseManager(const QString&, const QString&, const QString&, QObject*): Words 表已就绪，表名:"Words"
[2026-06-14 09:59:08.720] [INFO] [DB] [0x35e8] ..\..\..\ui\main\MainController.cpp:68 - void MainController::initBackend(): 熟词库初始化成功
[2026-06-14 09:59:08.721] [DEBUG] [DB] [0x35e8] ..\..\..\core\dictionary\LookupService.cpp:13 - LookupService::LookupService(const QSqlDatabase&, QObject*): LookupService 已初始化
[2026-06-14 09:59:08.863] [FATAL] [GEN] [0x35e8] ..\..\..\tests\main.cpp:64 - qMain(int, char**)::<lambda()>: QML对象创建失败
[2026-06-14 09:59:08.863] [FATAL] [GEN] [0x35e8] ..\..\..\tests\main.cpp:64 - qMain(int, char**)::<lambda()>: QML对象创建失败
[2026-06-14 09:59:11.692] [DEBUG] [DB] [0x35e8] ..\..\..\core\database\DatabaseTableManager.cpp:67 - virtual DatabaseTableManager::~DatabaseTableManager(): 数据库连接关闭:"DBMgr_Words_1e37124eb70_1e35300bb40"
[2026-06-14 09:59:13.562] [INFO] [GEN] [0x4130] ..\..\..\tests\main.cpp:48 - void initAllLogging(): 日志系统初始化完成，所有分类已注册
[2026-06-14 09:59:13.562] [INFO] [GEN] [0x4130] ..\..\..\tests\main.cpp:48 - void initAllLogging(): 日志系统初始化完成，所有分类已注册
[2026-06-14 09:59:13.569] [DEBUG] [DB] [0x4130] ..\..\..\core\database\DatabaseTableManager.cpp:17 - DatabaseTableManager::DatabaseTableManager(const QString&, const QString&, const QString&, QObject*): DatabaseTableManager 构造，表名:"Words"
[2026-06-14 09:59:13.573] [INFO] [DB] [0x4130] ..\..\..\core\database\DatabaseTableManager.cpp:56 - DatabaseTableManager::DatabaseTableManager(const QString&, const QString&, const QString&, QObject*): 数据库连接成功，表名:"Words" 路径:"euwe_words.db"
[2026-06-14 09:59:13.573] [DEBUG] [DB] [0x4130] ..\..\..\core\database\DatabaseTableManager.cpp:128 - bool DatabaseTableManager::createTableIfNotExists(const QString&): 执行DDL成功:"CREATE TABLE IF NOT EXISTS Words (id INTEGER PRIMA"...
[2026-06-14 09:59:13.573] [INFO] [DB] [0x4130] ..\..\..\core\database\WordDatabaseManager.cpp:36 - WordDatabaseManager::WordDatabaseManager(const QString&, const QString&, const QString&, QObject*): Words 表已就绪，表名:"Words"
[2026-06-14 09:59:13.574] [DEBUG] [DB] [0x4130] ..\..\..\core\dictionary\LookupService.cpp:13 - LookupService::LookupService(const QSqlDatabase&, QObject*): LookupService 已初始化
[2026-06-14 09:59:13.894] [DEBUG] [DB] [0x4130] ..\..\..\core\database\DatabaseTableManager.cpp:17 - DatabaseTableManager::DatabaseTableManager(const QString&, const QString&, const QString&, QObject*): DatabaseTableManager 构造，表名:"Words"
[2026-06-14 09:59:13.895] [INFO] [DB] [0x4130] ..\..\..\core\database\DatabaseTableManager.cpp:56 - DatabaseTableManager::DatabaseTableManager(const QString&, const QString&, const QString&, QObject*): 数据库连接成功，表名:"Words" 路径:"euwe_words.db"
[2026-06-14 09:59:13.896] [DEBUG] [DB] [0x4130] ..\..\..\core\database\DatabaseTableManager.cpp:128 - bool DatabaseTableManager::createTableIfNotExists(const QString&): 执行DDL成功:"CREATE TABLE IF NOT EXISTS Words (id INTEGER PRIMA"...
[2026-06-14 09:59:13.896] [INFO] [DB] [0x4130] ..\..\..\core\database\WordDatabaseManager.cpp:36 - WordDatabaseManager::WordDatabaseManager(const QString&, const QString&, const QString&, QObject*): Words 表已就绪，表名:"Words"
[2026-06-14 09:59:13.896] [INFO] [DB] [0x4130] ..\..\..\ui\main\MainController.cpp:68 - void MainController::initBackend(): 熟词库初始化成功
[2026-06-14 09:59:13.896] [DEBUG] [DB] [0x4130] ..\..\..\core\dictionary\LookupService.cpp:13 - LookupService::LookupService(const QSqlDatabase&, QObject*): LookupService 已初始化
[2026-06-14 09:59:21.306] [DEBUG] [DB] [0x4130] ..\..\..\core\database\DatabaseTableManager.cpp:67 - virtual DatabaseTableManager::~DatabaseTableManager(): 数据库连接关闭:"DBMgr_Words_20dc3141c80_20da500ba00"
[2026-06-14 09:59:23.172] [INFO] [GEN] [0x41c8] ..\..\..\tests\main.cpp:48 - void initAllLogging(): 日志系统初始化完成，所有分类已注册
[2026-06-14 09:59:23.172] [INFO] [GEN] [0x41c8] ..\..\..\tests\main.cpp:48 - void initAllLogging(): 日志系统初始化完成，所有分类已注册
[2026-06-14 09:59:23.180] [DEBUG] [DB] [0x41c8] ..\..\..\core\database\DatabaseTableManager.cpp:17 - DatabaseTableManager::DatabaseTableManager(const QString&, const QString&, const QString&, QObject*): DatabaseTableManager 构造，表名:"Words"
[2026-06-14 09:59:23.185] [INFO] [DB] [0x41c8] ..\..\..\core\database\DatabaseTableManager.cpp:56 - DatabaseTableManager::DatabaseTableManager(const QString&, const QString&, const QString&, QObject*): 数据库连接成功，表名:"Words" 路径:"euwe_words.db"
[2026-06-14 09:59:23.185] [DEBUG] [DB] [0x41c8] ..\..\..\core\database\DatabaseTableManager.cpp:128 - bool DatabaseTableManager::createTableIfNotExists(const QString&): 执行DDL成功:"CREATE TABLE IF NOT EXISTS Words (id INTEGER PRIMA"...
[2026-06-14 09:59:23.185] [INFO] [DB] [0x41c8] ..\..\..\core\database\WordDatabaseManager.cpp:36 - WordDatabaseManager::WordDatabaseManager(const QString&, const QString&, const QString&, QObject*): Words 表已就绪，表名:"Words"
[2026-06-14 09:59:23.186] [DEBUG] [DB] [0x41c8] ..\..\..\core\dictionary\LookupService.cpp:13 - LookupService::LookupService(const QSqlDatabase&, QObject*): LookupService 已初始化
[2026-06-14 09:59:23.513] [DEBUG] [DB] [0x41c8] ..\..\..\core\database\DatabaseTableManager.cpp:17 - DatabaseTableManager::DatabaseTableManager(const QString&, const QString&, const QString&, QObject*): DatabaseTableManager 构造，表名:"Words"
[2026-06-14 09:59:23.514] [INFO] [DB] [0x41c8] ..\..\..\core\database\DatabaseTableManager.cpp:56 - DatabaseTableManager::DatabaseTableManager(const QString&, const QString&, const QString&, QObject*): 数据库连接成功，表名:"Words" 路径:"euwe_words.db"
[2026-06-14 09:59:23.515] [DEBUG] [DB] [0x41c8] ..\..\..\core\database\DatabaseTableManager.cpp:128 - bool DatabaseTableManager::createTableIfNotExists(const QString&): 执行DDL成功:"CREATE TABLE IF NOT EXISTS Words (id INTEGER PRIMA"...
[2026-06-14 09:59:23.515] [INFO] [DB] [0x41c8] ..\..\..\core\database\WordDatabaseManager.cpp:36 - WordDatabaseManager::WordDatabaseManager(const QString&, const QString&, const QString&, QObject*): Words 表已就绪，表名:"Words"
[2026-06-14 09:59:23.515] [INFO] [DB] [0x41c8] ..\..\..\ui\main\MainController.cpp:68 - void MainController::initBackend(): 熟词库初始化成功
[2026-06-14 09:59:23.515] [DEBUG] [DB] [0x41c8] ..\..\..\core\dictionary\LookupService.cpp:13 - LookupService::LookupService(const QSqlDatabase&, QObject*): LookupService 已初始化
[2026-06-14 10:07:15.659] [DEBUG] [DB] [0x41c8] ..\..\..\core\database\DatabaseTableManager.cpp:67 - virtual DatabaseTableManager::~DatabaseTableManager(): 数据库连接关闭:"DBMgr_Words_1fa205a1ea0_1fa025abca0"
[2026-06-14 10:07:17.533] [INFO] [GEN] [0x17f4] ..\..\..\tests\main.cpp:48 - void initAllLogging(): 日志系统初始化完成，所有分类已注册
[2026-06-14 10:07:17.533] [INFO] [GEN] [0x17f4] ..\..\..\tests\main.cpp:48 - void initAllLogging(): 日志系统初始化完成，所有分类已注册
[2026-06-14 10:07:17.539] [DEBUG] [DB] [0x17f4] ..\..\..\core\database\DatabaseTableManager.cpp:17 - DatabaseTableManager::DatabaseTableManager(const QString&, const QString&, const QString&, QObject*): DatabaseTableManager 构造，表名:"Words"
[2026-06-14 10:07:17.543] [INFO] [DB] [0x17f4] ..\..\..\core\database\DatabaseTableManager.cpp:56 - DatabaseTableManager::DatabaseTableManager(const QString&, const QString&, const QString&, QObject*): 数据库连接成功，表名:"Words" 路径:"euwe_words.db"
[2026-06-14 10:07:17.543] [DEBUG] [DB] [0x17f4] ..\..\..\core\database\DatabaseTableManager.cpp:128 - bool DatabaseTableManager::createTableIfNotExists(const QString&): 执行DDL成功:"CREATE TABLE IF NOT EXISTS Words (id INTEGER PRIMA"...
[2026-06-14 10:07:17.543] [INFO] [DB] [0x17f4] ..\..\..\core\database\WordDatabaseManager.cpp:36 - WordDatabaseManager::WordDatabaseManager(const QString&, const QString&, const QString&, QObject*): Words 表已就绪，表名:"Words"
[2026-06-14 10:07:17.543] [DEBUG] [DB] [0x17f4] ..\..\..\core\dictionary\LookupService.cpp:13 - LookupService::LookupService(const QSqlDatabase&, QObject*): LookupService 已初始化
[2026-06-14 10:07:17.872] [DEBUG] [DB] [0x17f4] ..\..\..\core\database\DatabaseTableManager.cpp:17 - DatabaseTableManager::DatabaseTableManager(const QString&, const QString&, const QString&, QObject*): DatabaseTableManager 构造，表名:"Words"
[2026-06-14 10:07:17.873] [INFO] [DB] [0x17f4] ..\..\..\core\database\DatabaseTableManager.cpp:56 - DatabaseTableManager::DatabaseTableManager(const QString&, const QString&, const QString&, QObject*): 数据库连接成功，表名:"Words" 路径:"euwe_words.db"
[2026-06-14 10:07:17.874] [DEBUG] [DB] [0x17f4] ..\..\..\core\database\DatabaseTableManager.cpp:128 - bool DatabaseTableManager::createTableIfNotExists(const QString&): 执行DDL成功:"CREATE TABLE IF NOT EXISTS Words (id INTEGER PRIMA"...
[2026-06-14 10:07:17.874] [INFO] [DB] [0x17f4] ..\..\..\core\database\WordDatabaseManager.cpp:36 - WordDatabaseManager::WordDatabaseManager(const QString&, const QString&, const QString&, QObject*): Words 表已就绪，表名:"Words"
[2026-06-14 10:07:17.874] [INFO] [DB] [0x17f4] ..\..\..\ui\main\MainController.cpp:68 - void MainController::initBackend(): 熟词库初始化成功
[2026-06-14 10:07:17.874] [DEBUG] [DB] [0x17f4] ..\..\..\core\dictionary\LookupService.cpp:13 - LookupService::LookupService(const QSqlDatabase&, QObject*): LookupService 已初始化
[2026-06-14 10:08:17.881] [DEBUG] [DB] [0x17f4] ..\..\..\core\database\DatabaseTableManager.cpp:67 - virtual DatabaseTableManager::~DatabaseTableManager(): 数据库连接关闭:"DBMgr_Words_205f3f7f2f0_205d603bb20"
[2026-06-14 10:08:20.812] [INFO] [GEN] [0x2044] ..\..\..\tests\main.cpp:48 - void initAllLogging(): 日志系统初始化完成，所有分类已注册
[2026-06-14 10:08:20.812] [INFO] [GEN] [0x2044] ..\..\..\tests\main.cpp:48 - void initAllLogging(): 日志系统初始化完成，所有分类已注册
[2026-06-14 10:08:20.822] [DEBUG] [DB] [0x2044] ..\..\..\core\database\DatabaseTableManager.cpp:17 - DatabaseTableManager::DatabaseTableManager(const QString&, const QString&, const QString&, QObject*): DatabaseTableManager 构造，表名:"Words"
[2026-06-14 10:08:20.829] [INFO] [DB] [0x2044] ..\..\..\core\database\DatabaseTableManager.cpp:56 - DatabaseTableManager::DatabaseTableManager(const QString&, const QString&, const QString&, QObject*): 数据库连接成功，表名:"Words" 路径:"euwe_words.db"
[2026-06-14 10:08:20.830] [DEBUG] [DB] [0x2044] ..\..\..\core\database\DatabaseTableManager.cpp:128 - bool DatabaseTableManager::createTableIfNotExists(const QString&): 执行DDL成功:"CREATE TABLE IF NOT EXISTS Words (id INTEGER PRIMA"...
[2026-06-14 10:08:20.830] [INFO] [DB] [0x2044] ..\..\..\core\database\WordDatabaseManager.cpp:36 - WordDatabaseManager::WordDatabaseManager(const QString&, const QString&, const QString&, QObject*): Words 表已就绪，表名:"Words"
[2026-06-14 10:08:20.831] [DEBUG] [DB] [0x2044] ..\..\..\core\dictionary\LookupService.cpp:13 - LookupService::LookupService(const QSqlDatabase&, QObject*): LookupService 已初始化
[2026-06-14 10:08:21.872] [DEBUG] [DB] [0x2044] ..\..\..\core\database\DatabaseTableManager.cpp:17 - DatabaseTableManager::DatabaseTableManager(const QString&, const QString&, const QString&, QObject*): DatabaseTableManager 构造，表名:"Words"
[2026-06-14 10:08:21.874] [INFO] [DB] [0x2044] ..\..\..\core\database\DatabaseTableManager.cpp:56 - DatabaseTableManager::DatabaseTableManager(const QString&, const QString&, const QString&, QObject*): 数据库连接成功，表名:"Words" 路径:"euwe_words.db"
[2026-06-14 10:08:21.875] [DEBUG] [DB] [0x2044] ..\..\..\core\database\DatabaseTableManager.cpp:128 - bool DatabaseTableManager::createTableIfNotExists(const QString&): 执行DDL成功:"CREATE TABLE IF NOT EXISTS Words (id INTEGER PRIMA"...
[2026-06-14 10:08:21.875] [INFO] [DB] [0x2044] ..\..\..\core\database\WordDatabaseManager.cpp:36 - WordDatabaseManager::WordDatabaseManager(const QString&, const QString&, const QString&, QObject*): Words 表已就绪，表名:"Words"
[2026-06-14 10:08:21.876] [INFO] [DB] [0x2044] ..\..\..\ui\main\MainController.cpp:68 - void MainController::initBackend(): 熟词库初始化成功
[2026-06-14 10:08:21.877] [DEBUG] [DB] [0x2044] ..\..\..\core\dictionary\LookupService.cpp:13 - LookupService::LookupService(const QSqlDatabase&, QObject*): LookupService 已初始化
[2026-06-14 10:10:20.814] [INFO] [GEN] [0x5994] ..\..\..\tests\main.cpp:48 - void initAllLogging(): 日志系统初始化完成，所有分类已注册
[2026-06-14 10:10:20.814] [INFO] [GEN] [0x5994] ..\..\..\tests\main.cpp:48 - void initAllLogging(): 日志系统初始化完成，所有分类已注册
[2026-06-14 10:10:20.822] [DEBUG] [DB] [0x5994] ..\..\..\core\database\DatabaseTableManager.cpp:17 - DatabaseTableManager::DatabaseTableManager(const QString&, const QString&, const QString&, QObject*): DatabaseTableManager 构造，表名:"Words"
[2026-06-14 10:10:20.827] [INFO] [DB] [0x5994] ..\..\..\core\database\DatabaseTableManager.cpp:56 - DatabaseTableManager::DatabaseTableManager(const QString&, const QString&, const QString&, QObject*): 数据库连接成功，表名:"Words" 路径:"euwe_words.db"
[2026-06-14 10:10:20.827] [DEBUG] [DB] [0x5994] ..\..\..\core\database\DatabaseTableManager.cpp:128 - bool DatabaseTableManager::createTableIfNotExists(const QString&): 执行DDL成功:"CREATE TABLE IF NOT EXISTS Words (id INTEGER PRIMA"...
[2026-06-14 10:10:20.827] [INFO] [DB] [0x5994] ..\..\..\core\database\WordDatabaseManager.cpp:36 - WordDatabaseManager::WordDatabaseManager(const QString&, const QString&, const QString&, QObject*): Words 表已就绪，表名:"Words"
[2026-06-14 10:10:20.827] [DEBUG] [DB] [0x5994] ..\..\..\core\dictionary\LookupService.cpp:13 - LookupService::LookupService(const QSqlDatabase&, QObject*): LookupService 已初始化
[2026-06-14 10:10:21.160] [DEBUG] [DB] [0x5994] ..\..\..\core\database\DatabaseTableManager.cpp:17 - DatabaseTableManager::DatabaseTableManager(const QString&, const QString&, const QString&, QObject*): DatabaseTableManager 构造，表名:"Words"
[2026-06-14 10:10:21.161] [INFO] [DB] [0x5994] ..\..\..\core\database\DatabaseTableManager.cpp:56 - DatabaseTableManager::DatabaseTableManager(const QString&, const QString&, const QString&, QObject*): 数据库连接成功，表名:"Words" 路径:"euwe_words.db"
[2026-06-14 10:10:21.161] [DEBUG] [DB] [0x5994] ..\..\..\core\database\DatabaseTableManager.cpp:128 - bool DatabaseTableManager::createTableIfNotExists(const QString&): 执行DDL成功:"CREATE TABLE IF NOT EXISTS Words (id INTEGER PRIMA"...
[2026-06-14 10:10:21.161] [INFO] [DB] [0x5994] ..\..\..\core\database\WordDatabaseManager.cpp:36 - WordDatabaseManager::WordDatabaseManager(const QString&, const QString&, const QString&, QObject*): Words 表已就绪，表名:"Words"
[2026-06-14 10:10:21.162] [INFO] [DB] [0x5994] ..\..\..\ui\main\MainController.cpp:68 - void MainController::initBackend(): 熟词库初始化成功
[2026-06-14 10:10:21.162] [DEBUG] [DB] [0x5994] ..\..\..\core\dictionary\LookupService.cpp:13 - LookupService::LookupService(const QSqlDatabase&, QObject*): LookupService 已初始化
[2026-06-14 10:21:27.229] [DEBUG] [DB] [0x5994] ..\..\..\core\database\DatabaseTableManager.cpp:67 - virtual DatabaseTableManager::~DatabaseTableManager(): 数据库连接关闭:"DBMgr_Words_20382df1780_203e4c2bb00"
[2026-06-14 10:21:29.091] [INFO] [GEN] [0x4534] ..\..\..\tests\main.cpp:48 - void initAllLogging(): 日志系统初始化完成，所有分类已注册
[2026-06-14 10:21:29.091] [INFO] [GEN] [0x4534] ..\..\..\tests\main.cpp:48 - void initAllLogging(): 日志系统初始化完成，所有分类已注册
[2026-06-14 10:21:29.099] [DEBUG] [DB] [0x4534] ..\..\..\core\database\DatabaseTableManager.cpp:17 - DatabaseTableManager::DatabaseTableManager(const QString&, const QString&, const QString&, QObject*): DatabaseTableManager 构造，表名:"Words"
[2026-06-14 10:21:29.103] [INFO] [DB] [0x4534] ..\..\..\core\database\DatabaseTableManager.cpp:56 - DatabaseTableManager::DatabaseTableManager(const QString&, const QString&, const QString&, QObject*): 数据库连接成功，表名:"Words" 路径:"euwe_words.db"
[2026-06-14 10:21:29.103] [DEBUG] [DB] [0x4534] ..\..\..\core\database\DatabaseTableManager.cpp:128 - bool DatabaseTableManager::createTableIfNotExists(const QString&): 执行DDL成功:"CREATE TABLE IF NOT EXISTS Words (id INTEGER PRIMA"...
[2026-06-14 10:21:29.103] [INFO] [DB] [0x4534] ..\..\..\core\database\WordDatabaseManager.cpp:36 - WordDatabaseManager::WordDatabaseManager(const QString&, const QString&, const QString&, QObject*): Words 表已就绪，表名:"Words"
[2026-06-14 10:21:29.103] [DEBUG] [DB] [0x4534] ..\..\..\core\dictionary\LookupService.cpp:13 - LookupService::LookupService(const QSqlDatabase&, QObject*): LookupService 已初始化
[2026-06-14 10:21:29.446] [DEBUG] [DB] [0x4534] ..\..\..\core\database\DatabaseTableManager.cpp:17 - DatabaseTableManager::DatabaseTableManager(const QString&, const QString&, const QString&, QObject*): DatabaseTableManager 构造，表名:"Words"
[2026-06-14 10:21:29.447] [INFO] [DB] [0x4534] ..\..\..\core\database\DatabaseTableManager.cpp:56 - DatabaseTableManager::DatabaseTableManager(const QString&, const QString&, const QString&, QObject*): 数据库连接成功，表名:"Words" 路径:"euwe_words.db"
[2026-06-14 10:21:29.447] [DEBUG] [DB] [0x4534] ..\..\..\core\database\DatabaseTableManager.cpp:128 - bool DatabaseTableManager::createTableIfNotExists(const QString&): 执行DDL成功:"CREATE TABLE IF NOT EXISTS Words (id INTEGER PRIMA"...
[2026-06-14 10:21:29.447] [INFO] [DB] [0x4534] ..\..\..\core\database\WordDatabaseManager.cpp:36 - WordDatabaseManager::WordDatabaseManager(const QString&, const QString&, const QString&, QObject*): Words 表已就绪，表名:"Words"
[2026-06-14 10:21:29.447] [INFO] [DB] [0x4534] ..\..\..\ui\main\MainController.cpp:68 - void MainController::initBackend(): 熟词库初始化成功
[2026-06-14 10:21:29.448] [DEBUG] [DB] [0x4534] ..\..\..\core\dictionary\LookupService.cpp:13 - LookupService::LookupService(const QSqlDatabase&, QObject*): LookupService 已初始化
[2026-06-14 10:22:51.194] [DEBUG] [DB] [0x4534] ..\..\..\core\database\DatabaseTableManager.cpp:67 - virtual DatabaseTableManager::~DatabaseTableManager(): 数据库连接关闭:"DBMgr_Words_276ac56e800_2768e5eba00"
[2026-06-14 10:22:53.061] [INFO] [GEN] [0x4888] ..\..\..\tests\main.cpp:48 - void initAllLogging(): 日志系统初始化完成，所有分类已注册
[2026-06-14 10:22:53.061] [INFO] [GEN] [0x4888] ..\..\..\tests\main.cpp:48 - void initAllLogging(): 日志系统初始化完成，所有分类已注册
[2026-06-14 10:22:53.068] [DEBUG] [DB] [0x4888] ..\..\..\core\database\DatabaseTableManager.cpp:17 - DatabaseTableManager::DatabaseTableManager(const QString&, const QString&, const QString&, QObject*): DatabaseTableManager 构造，表名:"Words"
[2026-06-14 10:22:53.073] [INFO] [DB] [0x4888] ..\..\..\core\database\DatabaseTableManager.cpp:56 - DatabaseTableManager::DatabaseTableManager(const QString&, const QString&, const QString&, QObject*): 数据库连接成功，表名:"Words" 路径:"euwe_words.db"
[2026-06-14 10:22:53.073] [DEBUG] [DB] [0x4888] ..\..\..\core\database\DatabaseTableManager.cpp:128 - bool DatabaseTableManager::createTableIfNotExists(const QString&): 执行DDL成功:"CREATE TABLE IF NOT EXISTS Words (id INTEGER PRIMA"...
[2026-06-14 10:22:53.074] [INFO] [DB] [0x4888] ..\..\..\core\database\WordDatabaseManager.cpp:36 - WordDatabaseManager::WordDatabaseManager(const QString&, const QString&, const QString&, QObject*): Words 表已就绪，表名:"Words"
[2026-06-14 10:22:53.074] [DEBUG] [DB] [0x4888] ..\..\..\core\dictionary\LookupService.cpp:13 - LookupService::LookupService(const QSqlDatabase&, QObject*): LookupService 已初始化
[2026-06-14 10:22:53.409] [DEBUG] [DB] [0x4888] ..\..\..\core\database\DatabaseTableManager.cpp:17 - DatabaseTableManager::DatabaseTableManager(const QString&, const QString&, const QString&, QObject*): DatabaseTableManager 构造，表名:"Words"
[2026-06-14 10:22:53.411] [INFO] [DB] [0x4888] ..\..\..\core\database\DatabaseTableManager.cpp:56 - DatabaseTableManager::DatabaseTableManager(const QString&, const QString&, const QString&, QObject*): 数据库连接成功，表名:"Words" 路径:"euwe_words.db"
[2026-06-14 10:22:53.411] [DEBUG] [DB] [0x4888] ..\..\..\core\database\DatabaseTableManager.cpp:128 - bool DatabaseTableManager::createTableIfNotExists(const QString&): 执行DDL成功:"CREATE TABLE IF NOT EXISTS Words (id INTEGER PRIMA"...
[2026-06-14 10:22:53.411] [INFO] [DB] [0x4888] ..\..\..\core\database\WordDatabaseManager.cpp:36 - WordDatabaseManager::WordDatabaseManager(const QString&, const QString&, const QString&, QObject*): Words 表已就绪，表名:"Words"
[2026-06-14 10:22:53.411] [INFO] [DB] [0x4888] ..\..\..\ui\main\MainController.cpp:68 - void MainController::initBackend(): 熟词库初始化成功
[2026-06-14 10:22:53.411] [DEBUG] [DB] [0x4888] ..\..\..\core\dictionary\LookupService.cpp:13 - LookupService::LookupService(const QSqlDatabase&, QObject*): LookupService 已初始化
[2026-06-14 10:29:20.516] [DEBUG] [DB] [0x4888] ..\..\..\core\database\DatabaseTableManager.cpp:67 - virtual DatabaseTableManager::~DatabaseTableManager(): 数据库连接关闭:"DBMgr_Words_203c828eb90_203a9edbb00"
[2026-06-14 10:29:22.372] [INFO] [GEN] [0x1730] ..\..\..\tests\main.cpp:48 - void initAllLogging(): 日志系统初始化完成，所有分类已注册
[2026-06-14 10:29:22.372] [INFO] [GEN] [0x1730] ..\..\..\tests\main.cpp:48 - void initAllLogging(): 日志系统初始化完成，所有分类已注册
[2026-06-14 10:29:22.379] [DEBUG] [DB] [0x1730] ..\..\..\core\database\DatabaseTableManager.cpp:17 - DatabaseTableManager::DatabaseTableManager(const QString&, const QString&, const QString&, QObject*): DatabaseTableManager 构造，表名:"Words"
[2026-06-14 10:29:22.384] [INFO] [DB] [0x1730] ..\..\..\core\database\DatabaseTableManager.cpp:56 - DatabaseTableManager::DatabaseTableManager(const QString&, const QString&, const QString&, QObject*): 数据库连接成功，表名:"Words" 路径:"euwe_words.db"
[2026-06-14 10:29:22.384] [DEBUG] [DB] [0x1730] ..\..\..\core\database\DatabaseTableManager.cpp:128 - bool DatabaseTableManager::createTableIfNotExists(const QString&): 执行DDL成功:"CREATE TABLE IF NOT EXISTS Words (id INTEGER PRIMA"...
[2026-06-14 10:29:22.384] [INFO] [DB] [0x1730] ..\..\..\core\database\WordDatabaseManager.cpp:36 - WordDatabaseManager::WordDatabaseManager(const QString&, const QString&, const QString&, QObject*): Words 表已就绪，表名:"Words"
[2026-06-14 10:29:22.384] [DEBUG] [DB] [0x1730] ..\..\..\core\dictionary\LookupService.cpp:13 - LookupService::LookupService(const QSqlDatabase&, QObject*): LookupService 已初始化
[2026-06-14 10:29:22.712] [DEBUG] [DB] [0x1730] ..\..\..\core\database\DatabaseTableManager.cpp:17 - DatabaseTableManager::DatabaseTableManager(const QString&, const QString&, const QString&, QObject*): DatabaseTableManager 构造，表名:"Words"
[2026-06-14 10:29:22.713] [INFO] [DB] [0x1730] ..\..\..\core\database\DatabaseTableManager.cpp:56 - DatabaseTableManager::DatabaseTableManager(const QString&, const QString&, const QString&, QObject*): 数据库连接成功，表名:"Words" 路径:"euwe_words.db"
[2026-06-14 10:29:22.714] [DEBUG] [DB] [0x1730] ..\..\..\core\database\DatabaseTableManager.cpp:128 - bool DatabaseTableManager::createTableIfNotExists(const QString&): 执行DDL成功:"CREATE TABLE IF NOT EXISTS Words (id INTEGER PRIMA"...
[2026-06-14 10:29:22.714] [INFO] [DB] [0x1730] ..\..\..\core\database\WordDatabaseManager.cpp:36 - WordDatabaseManager::WordDatabaseManager(const QString&, const QString&, const QString&, QObject*): Words 表已就绪，表名:"Words"
[2026-06-14 10:29:22.714] [INFO] [DB] [0x1730] ..\..\..\ui\main\MainController.cpp:68 - void MainController::initBackend(): 熟词库初始化成功
[2026-06-14 10:29:22.714] [DEBUG] [DB] [0x1730] ..\..\..\core\dictionary\LookupService.cpp:13 - LookupService::LookupService(const QSqlDatabase&, QObject*): LookupService 已初始化
[2026-06-14 10:29:47.569] [DEBUG] [DB] [0x1730] ..\..\..\core\database\DatabaseTableManager.cpp:67 - virtual DatabaseTableManager::~DatabaseTableManager(): 数据库连接关闭:"DBMgr_Words_280035f87b0_28064f5bc40"
[2026-06-14 10:29:49.572] [INFO] [GEN] [0x3f4c] ..\..\..\tests\main.cpp:48 - void initAllLogging(): 日志系统初始化完成，所有分类已注册
[2026-06-14 10:29:49.572] [INFO] [GEN] [0x3f4c] ..\..\..\tests\main.cpp:48 - void initAllLogging(): 日志系统初始化完成，所有分类已注册
[2026-06-14 10:29:49.579] [DEBUG] [DB] [0x3f4c] ..\..\..\core\database\DatabaseTableManager.cpp:17 - DatabaseTableManager::DatabaseTableManager(const QString&, const QString&, const QString&, QObject*): DatabaseTableManager 构造，表名:"Words"
[2026-06-14 10:29:49.583] [INFO] [DB] [0x3f4c] ..\..\..\core\database\DatabaseTableManager.cpp:56 - DatabaseTableManager::DatabaseTableManager(const QString&, const QString&, const QString&, QObject*): 数据库连接成功，表名:"Words" 路径:"euwe_words.db"
[2026-06-14 10:29:49.583] [DEBUG] [DB] [0x3f4c] ..\..\..\core\database\DatabaseTableManager.cpp:128 - bool DatabaseTableManager::createTableIfNotExists(const QString&): 执行DDL成功:"CREATE TABLE IF NOT EXISTS Words (id INTEGER PRIMA"...
[2026-06-14 10:29:49.583] [INFO] [DB] [0x3f4c] ..\..\..\core\database\WordDatabaseManager.cpp:36 - WordDatabaseManager::WordDatabaseManager(const QString&, const QString&, const QString&, QObject*): Words 表已就绪，表名:"Words"
[2026-06-14 10:29:49.584] [DEBUG] [DB] [0x3f4c] ..\..\..\core\dictionary\LookupService.cpp:13 - LookupService::LookupService(const QSqlDatabase&, QObject*): LookupService 已初始化
[2026-06-14 10:29:49.906] [DEBUG] [DB] [0x3f4c] ..\..\..\core\database\DatabaseTableManager.cpp:17 - DatabaseTableManager::DatabaseTableManager(const QString&, const QString&, const QString&, QObject*): DatabaseTableManager 构造，表名:"Words"
[2026-06-14 10:29:49.907] [INFO] [DB] [0x3f4c] ..\..\..\core\database\DatabaseTableManager.cpp:56 - DatabaseTableManager::DatabaseTableManager(const QString&, const QString&, const QString&, QObject*): 数据库连接成功，表名:"Words" 路径:"euwe_words.db"
[2026-06-14 10:29:49.907] [DEBUG] [DB] [0x3f4c] ..\..\..\core\database\DatabaseTableManager.cpp:128 - bool DatabaseTableManager::createTableIfNotExists(const QString&): 执行DDL成功:"CREATE TABLE IF NOT EXISTS Words (id INTEGER PRIMA"...
[2026-06-14 10:29:49.907] [INFO] [DB] [0x3f4c] ..\..\..\core\database\WordDatabaseManager.cpp:36 - WordDatabaseManager::WordDatabaseManager(const QString&, const QString&, const QString&, QObject*): Words 表已就绪，表名:"Words"
[2026-06-14 10:29:49.907] [INFO] [DB] [0x3f4c] ..\..\..\ui\main\MainController.cpp:68 - void MainController::initBackend(): 熟词库初始化成功
[2026-06-14 10:29:49.907] [DEBUG] [DB] [0x3f4c] ..\..\..\core\dictionary\LookupService.cpp:13 - LookupService::LookupService(const QSqlDatabase&, QObject*): LookupService 已初始化
[2026-06-14 10:32:30.340] [DEBUG] [DB] [0x3f4c] ..\..\..\core\database\DatabaseTableManager.cpp:67 - virtual DatabaseTableManager::~DatabaseTableManager(): 数据库连接关闭:"DBMgr_Words_2083b770f40_2081d65b9a0"
[2026-06-14 10:32:32.204] [INFO] [GEN] [0x247c] ..\..\..\tests\main.cpp:48 - void initAllLogging(): 日志系统初始化完成，所有分类已注册
[2026-06-14 10:32:32.204] [INFO] [GEN] [0x247c] ..\..\..\tests\main.cpp:48 - void initAllLogging(): 日志系统初始化完成，所有分类已注册
[2026-06-14 10:32:32.211] [DEBUG] [DB] [0x247c] ..\..\..\core\database\DatabaseTableManager.cpp:17 - DatabaseTableManager::DatabaseTableManager(const QString&, const QString&, const QString&, QObject*): DatabaseTableManager 构造，表名:"Words"
[2026-06-14 10:32:32.215] [INFO] [DB] [0x247c] ..\..\..\core\database\DatabaseTableManager.cpp:56 - DatabaseTableManager::DatabaseTableManager(const QString&, const QString&, const QString&, QObject*): 数据库连接成功，表名:"Words" 路径:"euwe_words.db"
[2026-06-14 10:32:32.215] [DEBUG] [DB] [0x247c] ..\..\..\core\database\DatabaseTableManager.cpp:128 - bool DatabaseTableManager::createTableIfNotExists(const QString&): 执行DDL成功:"CREATE TABLE IF NOT EXISTS Words (id INTEGER PRIMA"...
[2026-06-14 10:32:32.215] [INFO] [DB] [0x247c] ..\..\..\core\database\WordDatabaseManager.cpp:36 - WordDatabaseManager::WordDatabaseManager(const QString&, const QString&, const QString&, QObject*): Words 表已就绪，表名:"Words"
[2026-06-14 10:32:32.215] [DEBUG] [DB] [0x247c] ..\..\..\core\dictionary\LookupService.cpp:13 - LookupService::LookupService(const QSqlDatabase&, QObject*): LookupService 已初始化
[2026-06-14 10:32:32.535] [DEBUG] [DB] [0x247c] ..\..\..\core\database\DatabaseTableManager.cpp:17 - DatabaseTableManager::DatabaseTableManager(const QString&, const QString&, const QString&, QObject*): DatabaseTableManager 构造，表名:"Words"
[2026-06-14 10:32:32.536] [INFO] [DB] [0x247c] ..\..\..\core\database\DatabaseTableManager.cpp:56 - DatabaseTableManager::DatabaseTableManager(const QString&, const QString&, const QString&, QObject*): 数据库连接成功，表名:"Words" 路径:"euwe_words.db"
[2026-06-14 10:32:32.536] [DEBUG] [DB] [0x247c] ..\..\..\core\database\DatabaseTableManager.cpp:128 - bool DatabaseTableManager::createTableIfNotExists(const QString&): 执行DDL成功:"CREATE TABLE IF NOT EXISTS Words (id INTEGER PRIMA"...
[2026-06-14 10:32:32.537] [INFO] [DB] [0x247c] ..\..\..\core\database\WordDatabaseManager.cpp:36 - WordDatabaseManager::WordDatabaseManager(const QString&, const QString&, const QString&, QObject*): Words 表已就绪，表名:"Words"
[2026-06-14 10:32:32.537] [INFO] [DB] [0x247c] ..\..\..\ui\main\MainController.cpp:68 - void MainController::initBackend(): 熟词库初始化成功
[2026-06-14 10:32:32.537] [DEBUG] [DB] [0x247c] ..\..\..\core\dictionary\LookupService.cpp:13 - LookupService::LookupService(const QSqlDatabase&, QObject*): LookupService 已初始化
[2026-06-14 10:44:02.318] [DEBUG] [DB] [0x247c] ..\..\..\core\database\DatabaseTableManager.cpp:67 - virtual DatabaseTableManager::~DatabaseTableManager(): 数据库连接关闭:"DBMgr_Words_1d89e9ced90_1d880a7bbc0"
[2026-06-14 10:44:06.736] [INFO] [GEN] [0x1a78] ..\..\..\tests\main.cpp:48 - void initAllLogging(): 日志系统初始化完成，所有分类已注册
[2026-06-14 10:44:06.736] [INFO] [GEN] [0x1a78] ..\..\..\tests\main.cpp:48 - void initAllLogging(): 日志系统初始化完成，所有分类已注册
[2026-06-14 10:44:06.746] [DEBUG] [DB] [0x1a78] ..\..\..\core\database\DatabaseTableManager.cpp:17 - DatabaseTableManager::DatabaseTableManager(const QString&, const QString&, const QString&, QObject*): DatabaseTableManager 构造，表名:"Words"
[2026-06-14 10:44:06.755] [INFO] [DB] [0x1a78] ..\..\..\core\database\DatabaseTableManager.cpp:56 - DatabaseTableManager::DatabaseTableManager(const QString&, const QString&, const QString&, QObject*): 数据库连接成功，表名:"Words" 路径:"euwe_words.db"
[2026-06-14 10:44:06.755] [DEBUG] [DB] [0x1a78] ..\..\..\core\database\DatabaseTableManager.cpp:128 - bool DatabaseTableManager::createTableIfNotExists(const QString&): 执行DDL成功:"CREATE TABLE IF NOT EXISTS Words (id INTEGER PRIMA"...
[2026-06-14 10:44:06.756] [INFO] [DB] [0x1a78] ..\..\..\core\database\WordDatabaseManager.cpp:36 - WordDatabaseManager::WordDatabaseManager(const QString&, const QString&, const QString&, QObject*): Words 表已就绪，表名:"Words"
[2026-06-14 10:44:06.756] [DEBUG] [DB] [0x1a78] ..\..\..\core\dictionary\LookupService.cpp:13 - LookupService::LookupService(const QSqlDatabase&, QObject*): LookupService 已初始化
[2026-06-14 10:44:07.284] [DEBUG] [DB] [0x1a78] ..\..\..\core\database\DatabaseTableManager.cpp:17 - DatabaseTableManager::DatabaseTableManager(const QString&, const QString&, const QString&, QObject*): DatabaseTableManager 构造，表名:"Words"
[2026-06-14 10:44:07.285] [INFO] [DB] [0x1a78] ..\..\..\core\database\DatabaseTableManager.cpp:56 - DatabaseTableManager::DatabaseTableManager(const QString&, const QString&, const QString&, QObject*): 数据库连接成功，表名:"Words" 路径:"euwe_words.db"
[2026-06-14 10:44:07.285] [DEBUG] [DB] [0x1a78] ..\..\..\core\database\DatabaseTableManager.cpp:128 - bool DatabaseTableManager::createTableIfNotExists(const QString&): 执行DDL成功:"CREATE TABLE IF NOT EXISTS Words (id INTEGER PRIMA"...
[2026-06-14 10:44:07.285] [INFO] [DB] [0x1a78] ..\..\..\core\database\WordDatabaseManager.cpp:36 - WordDatabaseManager::WordDatabaseManager(const QString&, const QString&, const QString&, QObject*): Words 表已就绪，表名:"Words"
[2026-06-14 10:44:07.286] [INFO] [DB] [0x1a78] ..\..\..\ui\main\MainController.cpp:68 - void MainController::initBackend(): 熟词库初始化成功
[2026-06-14 10:44:07.286] [DEBUG] [DB] [0x1a78] ..\..\..\core\dictionary\LookupService.cpp:13 - LookupService::LookupService(const QSqlDatabase&, QObject*): LookupService 已初始化
[2026-06-14 10:47:36.569] [DEBUG] [DB] [0x1a78] ..\..\..\core\database\DatabaseTableManager.cpp:67 - virtual DatabaseTableManager::~DatabaseTableManager(): 数据库连接关闭:"DBMgr_Words_255bec017c0_255a0bdba40"
[2026-06-14 10:47:47.776] [INFO] [GEN] [0x1d30] ..\..\..\tests\main.cpp:48 - void initAllLogging(): 日志系统初始化完成，所有分类已注册
[2026-06-14 10:47:47.776] [INFO] [GEN] [0x1d30] ..\..\..\tests\main.cpp:48 - void initAllLogging(): 日志系统初始化完成，所有分类已注册
[2026-06-14 10:47:47.785] [DEBUG] [DB] [0x1d30] ..\..\..\core\database\DatabaseTableManager.cpp:17 - DatabaseTableManager::DatabaseTableManager(const QString&, const QString&, const QString&, QObject*): DatabaseTableManager 构造，表名:"Words"
[2026-06-14 10:47:47.792] [INFO] [DB] [0x1d30] ..\..\..\core\database\DatabaseTableManager.cpp:56 - DatabaseTableManager::DatabaseTableManager(const QString&, const QString&, const QString&, QObject*): 数据库连接成功，表名:"Words" 路径:"euwe_words.db"
[2026-06-14 10:47:47.793] [DEBUG] [DB] [0x1d30] ..\..\..\core\database\DatabaseTableManager.cpp:128 - bool DatabaseTableManager::createTableIfNotExists(const QString&): 执行DDL成功:"CREATE TABLE IF NOT EXISTS Words (id INTEGER PRIMA"...
[2026-06-14 10:47:47.793] [INFO] [DB] [0x1d30] ..\..\..\core\database\WordDatabaseManager.cpp:36 - WordDatabaseManager::WordDatabaseManager(const QString&, const QString&, const QString&, QObject*): Words 表已就绪，表名:"Words"
[2026-06-14 10:47:47.793] [DEBUG] [DB] [0x1d30] ..\..\..\core\dictionary\LookupService.cpp:13 - LookupService::LookupService(const QSqlDatabase&, QObject*): LookupService 已初始化
[2026-06-14 10:47:48.207] [DEBUG] [DB] [0x1d30] ..\..\..\core\database\DatabaseTableManager.cpp:17 - DatabaseTableManager::DatabaseTableManager(const QString&, const QString&, const QString&, QObject*): DatabaseTableManager 构造，表名:"Words"
[2026-06-14 10:47:48.208] [INFO] [DB] [0x1d30] ..\..\..\core\database\DatabaseTableManager.cpp:56 - DatabaseTableManager::DatabaseTableManager(const QString&, const QString&, const QString&, QObject*): 数据库连接成功，表名:"Words" 路径:"euwe_words.db"
[2026-06-14 10:47:48.208] [DEBUG] [DB] [0x1d30] ..\..\..\core\database\DatabaseTableManager.cpp:128 - bool DatabaseTableManager::createTableIfNotExists(const QString&): 执行DDL成功:"CREATE TABLE IF NOT EXISTS Words (id INTEGER PRIMA"...
[2026-06-14 10:47:48.209] [INFO] [DB] [0x1d30] ..\..\..\core\database\WordDatabaseManager.cpp:36 - WordDatabaseManager::WordDatabaseManager(const QString&, const QString&, const QString&, QObject*): Words 表已就绪，表名:"Words"
[2026-06-14 10:47:48.209] [INFO] [DB] [0x1d30] ..\..\..\ui\main\MainController.cpp:68 - void MainController::initBackend(): 熟词库初始化成功
[2026-06-14 10:47:48.209] [DEBUG] [DB] [0x1d30] ..\..\..\core\dictionary\LookupService.cpp:13 - LookupService::LookupService(const QSqlDatabase&, QObject*): LookupService 已初始化
[2026-06-14 10:50:53.530] [DEBUG] [DB] [0x1d30] ..\..\..\core\database\DatabaseTableManager.cpp:67 - virtual DatabaseTableManager::~DatabaseTableManager(): 数据库连接关闭:"DBMgr_Words_1bee7eb1620_1bec9f9b9a0"
[2026-06-14 10:50:56.237] [INFO] [GEN] [0xa88] ..\..\..\tests\main.cpp:48 - void initAllLogging(): 日志系统初始化完成，所有分类已注册
[2026-06-14 10:50:56.237] [INFO] [GEN] [0xa88] ..\..\..\tests\main.cpp:48 - void initAllLogging(): 日志系统初始化完成，所有分类已注册
[2026-06-14 10:50:56.246] [DEBUG] [DB] [0xa88] ..\..\..\core\database\DatabaseTableManager.cpp:17 - DatabaseTableManager::DatabaseTableManager(const QString&, const QString&, const QString&, QObject*): DatabaseTableManager 构造，表名:"Words"
[2026-06-14 10:50:56.251] [INFO] [DB] [0xa88] ..\..\..\core\database\DatabaseTableManager.cpp:56 - DatabaseTableManager::DatabaseTableManager(const QString&, const QString&, const QString&, QObject*): 数据库连接成功，表名:"Words" 路径:"euwe_words.db"
[2026-06-14 10:50:56.252] [DEBUG] [DB] [0xa88] ..\..\..\core\database\DatabaseTableManager.cpp:128 - bool DatabaseTableManager::createTableIfNotExists(const QString&): 执行DDL成功:"CREATE TABLE IF NOT EXISTS Words (id INTEGER PRIMA"...
[2026-06-14 10:50:56.252] [INFO] [DB] [0xa88] ..\..\..\core\database\WordDatabaseManager.cpp:36 - WordDatabaseManager::WordDatabaseManager(const QString&, const QString&, const QString&, QObject*): Words 表已就绪，表名:"Words"
[2026-06-14 10:50:56.252] [DEBUG] [DB] [0xa88] ..\..\..\core\dictionary\LookupService.cpp:13 - LookupService::LookupService(const QSqlDatabase&, QObject*): LookupService 已初始化
[2026-06-14 10:50:56.625] [DEBUG] [DB] [0xa88] ..\..\..\core\database\DatabaseTableManager.cpp:17 - DatabaseTableManager::DatabaseTableManager(const QString&, const QString&, const QString&, QObject*): DatabaseTableManager 构造，表名:"Words"
[2026-06-14 10:50:56.626] [INFO] [DB] [0xa88] ..\..\..\core\database\DatabaseTableManager.cpp:56 - DatabaseTableManager::DatabaseTableManager(const QString&, const QString&, const QString&, QObject*): 数据库连接成功，表名:"Words" 路径:"euwe_words.db"
[2026-06-14 10:50:56.626] [DEBUG] [DB] [0xa88] ..\..\..\core\database\DatabaseTableManager.cpp:128 - bool DatabaseTableManager::createTableIfNotExists(const QString&): 执行DDL成功:"CREATE TABLE IF NOT EXISTS Words (id INTEGER PRIMA"...
[2026-06-14 10:50:56.627] [INFO] [DB] [0xa88] ..\..\..\core\database\WordDatabaseManager.cpp:36 - WordDatabaseManager::WordDatabaseManager(const QString&, const QString&, const QString&, QObject*): Words 表已就绪，表名:"Words"
[2026-06-14 10:50:56.627] [INFO] [DB] [0xa88] ..\..\..\ui\main\MainController.cpp:68 - void MainController::initBackend(): 熟词库初始化成功
[2026-06-14 10:50:56.627] [DEBUG] [DB] [0xa88] ..\..\..\core\dictionary\LookupService.cpp:13 - LookupService::LookupService(const QSqlDatabase&, QObject*): LookupService 已初始化
[2026-06-14 10:51:04.360] [DEBUG] [DB] [0xa88] ..\..\..\core\database\DatabaseTableManager.cpp:67 - virtual DatabaseTableManager::~DatabaseTableManager(): 数据库连接关闭:"DBMgr_Words_2195e036970_2193ff8bce0"
[2026-06-14 10:51:15.282] [INFO] [GEN] [0x4be4] ..\..\..\tests\main.cpp:48 - void initAllLogging(): 日志系统初始化完成，所有分类已注册
[2026-06-14 10:51:15.282] [INFO] [GEN] [0x4be4] ..\..\..\tests\main.cpp:48 - void initAllLogging(): 日志系统初始化完成，所有分类已注册
[2026-06-14 10:51:15.292] [DEBUG] [DB] [0x4be4] ..\..\..\core\database\DatabaseTableManager.cpp:17 - DatabaseTableManager::DatabaseTableManager(const QString&, const QString&, const QString&, QObject*): DatabaseTableManager 构造，表名:"Words"
[2026-06-14 10:51:15.298] [INFO] [DB] [0x4be4] ..\..\..\core\database\DatabaseTableManager.cpp:56 - DatabaseTableManager::DatabaseTableManager(const QString&, const QString&, const QString&, QObject*): 数据库连接成功，表名:"Words" 路径:"euwe_words.db"
[2026-06-14 10:51:15.298] [DEBUG] [DB] [0x4be4] ..\..\..\core\database\DatabaseTableManager.cpp:128 - bool DatabaseTableManager::createTableIfNotExists(const QString&): 执行DDL成功:"CREATE TABLE IF NOT EXISTS Words (id INTEGER PRIMA"...
[2026-06-14 10:51:15.298] [INFO] [DB] [0x4be4] ..\..\..\core\database\WordDatabaseManager.cpp:36 - WordDatabaseManager::WordDatabaseManager(const QString&, const QString&, const QString&, QObject*): Words 表已就绪，表名:"Words"
[2026-06-14 10:51:15.299] [DEBUG] [DB] [0x4be4] ..\..\..\core\dictionary\LookupService.cpp:13 - LookupService::LookupService(const QSqlDatabase&, QObject*): LookupService 已初始化
[2026-06-14 10:51:15.664] [DEBUG] [DB] [0x4be4] ..\..\..\core\database\DatabaseTableManager.cpp:17 - DatabaseTableManager::DatabaseTableManager(const QString&, const QString&, const QString&, QObject*): DatabaseTableManager 构造，表名:"Words"
[2026-06-14 10:51:15.665] [INFO] [DB] [0x4be4] ..\..\..\core\database\DatabaseTableManager.cpp:56 - DatabaseTableManager::DatabaseTableManager(const QString&, const QString&, const QString&, QObject*): 数据库连接成功，表名:"Words" 路径:"euwe_words.db"
[2026-06-14 10:51:15.665] [DEBUG] [DB] [0x4be4] ..\..\..\core\database\DatabaseTableManager.cpp:128 - bool DatabaseTableManager::createTableIfNotExists(const QString&): 执行DDL成功:"CREATE TABLE IF NOT EXISTS Words (id INTEGER PRIMA"...
[2026-06-14 10:51:15.665] [INFO] [DB] [0x4be4] ..\..\..\core\database\WordDatabaseManager.cpp:36 - WordDatabaseManager::WordDatabaseManager(const QString&, const QString&, const QString&, QObject*): Words 表已就绪，表名:"Words"
[2026-06-14 10:51:15.666] [INFO] [DB] [0x4be4] ..\..\..\ui\main\MainController.cpp:68 - void MainController::initBackend(): 熟词库初始化成功
[2026-06-14 10:51:15.666] [DEBUG] [DB] [0x4be4] ..\..\..\core\dictionary\LookupService.cpp:13 - LookupService::LookupService(const QSqlDatabase&, QObject*): LookupService 已初始化
[2026-06-14 10:51:23.206] [DEBUG] [DB] [0x4be4] ..\..\..\core\database\DatabaseTableManager.cpp:67 - virtual DatabaseTableManager::~DatabaseTableManager(): 数据库连接关闭:"DBMgr_Words_15d24f5e3a0_15d06edba60"
[2026-06-14 10:51:25.104] [INFO] [GEN] [0x1980] ..\..\..\tests\main.cpp:48 - void initAllLogging(): 日志系统初始化完成，所有分类已注册
[2026-06-14 10:51:25.104] [INFO] [GEN] [0x1980] ..\..\..\tests\main.cpp:48 - void initAllLogging(): 日志系统初始化完成，所有分类已注册
[2026-06-14 10:51:25.111] [DEBUG] [DB] [0x1980] ..\..\..\core\database\DatabaseTableManager.cpp:17 - DatabaseTableManager::DatabaseTableManager(const QString&, const QString&, const QString&, QObject*): DatabaseTableManager 构造，表名:"Words"
[2026-06-14 10:51:25.116] [INFO] [DB] [0x1980] ..\..\..\core\database\DatabaseTableManager.cpp:56 - DatabaseTableManager::DatabaseTableManager(const QString&, const QString&, const QString&, QObject*): 数据库连接成功，表名:"Words" 路径:"euwe_words.db"
[2026-06-14 10:51:25.116] [DEBUG] [DB] [0x1980] ..\..\..\core\database\DatabaseTableManager.cpp:128 - bool DatabaseTableManager::createTableIfNotExists(const QString&): 执行DDL成功:"CREATE TABLE IF NOT EXISTS Words (id INTEGER PRIMA"...
[2026-06-14 10:51:25.116] [INFO] [DB] [0x1980] ..\..\..\core\database\WordDatabaseManager.cpp:36 - WordDatabaseManager::WordDatabaseManager(const QString&, const QString&, const QString&, QObject*): Words 表已就绪，表名:"Words"
[2026-06-14 10:51:25.116] [DEBUG] [DB] [0x1980] ..\..\..\core\dictionary\LookupService.cpp:13 - LookupService::LookupService(const QSqlDatabase&, QObject*): LookupService 已初始化
[2026-06-14 10:51:25.474] [DEBUG] [DB] [0x1980] ..\..\..\core\database\DatabaseTableManager.cpp:17 - DatabaseTableManager::DatabaseTableManager(const QString&, const QString&, const QString&, QObject*): DatabaseTableManager 构造，表名:"Words"
[2026-06-14 10:51:25.475] [INFO] [DB] [0x1980] ..\..\..\core\database\DatabaseTableManager.cpp:56 - DatabaseTableManager::DatabaseTableManager(const QString&, const QString&, const QString&, QObject*): 数据库连接成功，表名:"Words" 路径:"euwe_words.db"
[2026-06-14 10:51:25.476] [DEBUG] [DB] [0x1980] ..\..\..\core\database\DatabaseTableManager.cpp:128 - bool DatabaseTableManager::createTableIfNotExists(const QString&): 执行DDL成功:"CREATE TABLE IF NOT EXISTS Words (id INTEGER PRIMA"...
[2026-06-14 10:51:25.476] [INFO] [DB] [0x1980] ..\..\..\core\database\WordDatabaseManager.cpp:36 - WordDatabaseManager::WordDatabaseManager(const QString&, const QString&, const QString&, QObject*): Words 表已就绪，表名:"Words"
[2026-06-14 10:51:25.476] [INFO] [DB] [0x1980] ..\..\..\ui\main\MainController.cpp:68 - void MainController::initBackend(): 熟词库初始化成功
[2026-06-14 10:51:25.476] [DEBUG] [DB] [0x1980] ..\..\..\core\dictionary\LookupService.cpp:13 - LookupService::LookupService(const QSqlDatabase&, QObject*): LookupService 已初始化
[2026-06-14 10:51:32.080] [DEBUG] [DB] [0x1980] ..\..\..\core\database\DatabaseTableManager.cpp:67 - virtual DatabaseTableManager::~DatabaseTableManager(): 数据库连接关闭:"DBMgr_Words_2520d80f960_2526f5dbcc0"
[2026-06-14 10:51:33.970] [INFO] [GEN] [0x3d30] ..\..\..\tests\main.cpp:48 - void initAllLogging(): 日志系统初始化完成，所有分类已注册
[2026-06-14 10:51:33.970] [INFO] [GEN] [0x3d30] ..\..\..\tests\main.cpp:48 - void initAllLogging(): 日志系统初始化完成，所有分类已注册
[2026-06-14 10:51:33.979] [DEBUG] [DB] [0x3d30] ..\..\..\core\database\DatabaseTableManager.cpp:17 - DatabaseTableManager::DatabaseTableManager(const QString&, const QString&, const QString&, QObject*): DatabaseTableManager 构造，表名:"Words"
[2026-06-14 10:51:33.985] [INFO] [DB] [0x3d30] ..\..\..\core\database\DatabaseTableManager.cpp:56 - DatabaseTableManager::DatabaseTableManager(const QString&, const QString&, const QString&, QObject*): 数据库连接成功，表名:"Words" 路径:"euwe_words.db"
[2026-06-14 10:51:33.985] [DEBUG] [DB] [0x3d30] ..\..\..\core\database\DatabaseTableManager.cpp:128 - bool DatabaseTableManager::createTableIfNotExists(const QString&): 执行DDL成功:"CREATE TABLE IF NOT EXISTS Words (id INTEGER PRIMA"...
[2026-06-14 10:51:33.985] [INFO] [DB] [0x3d30] ..\..\..\core\database\WordDatabaseManager.cpp:36 - WordDatabaseManager::WordDatabaseManager(const QString&, const QString&, const QString&, QObject*): Words 表已就绪，表名:"Words"
[2026-06-14 10:51:33.985] [DEBUG] [DB] [0x3d30] ..\..\..\core\dictionary\LookupService.cpp:13 - LookupService::LookupService(const QSqlDatabase&, QObject*): LookupService 已初始化
[2026-06-14 10:51:34.331] [DEBUG] [DB] [0x3d30] ..\..\..\core\database\DatabaseTableManager.cpp:17 - DatabaseTableManager::DatabaseTableManager(const QString&, const QString&, const QString&, QObject*): DatabaseTableManager 构造，表名:"Words"
[2026-06-14 10:51:34.333] [INFO] [DB] [0x3d30] ..\..\..\core\database\DatabaseTableManager.cpp:56 - DatabaseTableManager::DatabaseTableManager(const QString&, const QString&, const QString&, QObject*): 数据库连接成功，表名:"Words" 路径:"euwe_words.db"
[2026-06-14 10:51:34.333] [DEBUG] [DB] [0x3d30] ..\..\..\core\database\DatabaseTableManager.cpp:128 - bool DatabaseTableManager::createTableIfNotExists(const QString&): 执行DDL成功:"CREATE TABLE IF NOT EXISTS Words (id INTEGER PRIMA"...
[2026-06-14 10:51:34.333] [INFO] [DB] [0x3d30] ..\..\..\core\database\WordDatabaseManager.cpp:36 - WordDatabaseManager::WordDatabaseManager(const QString&, const QString&, const QString&, QObject*): Words 表已就绪，表名:"Words"
[2026-06-14 10:51:34.333] [INFO] [DB] [0x3d30] ..\..\..\ui\main\MainController.cpp:68 - void MainController::initBackend(): 熟词库初始化成功
[2026-06-14 10:51:34.333] [DEBUG] [DB] [0x3d30] ..\..\..\core\dictionary\LookupService.cpp:13 - LookupService::LookupService(const QSqlDatabase&, QObject*): LookupService 已初始化
[2026-06-14 10:51:39.352] [DEBUG] [DB] [0x3d30] ..\..\..\core\database\DatabaseTableManager.cpp:67 - virtual DatabaseTableManager::~DatabaseTableManager(): 数据库连接关闭:"DBMgr_Words_2b5d3e9eec0_2b5b5d8bac0"
[2026-06-14 10:51:41.241] [INFO] [GEN] [0x2bf4] ..\..\..\tests\main.cpp:48 - void initAllLogging(): 日志系统初始化完成，所有分类已注册
[2026-06-14 10:51:41.241] [INFO] [GEN] [0x2bf4] ..\..\..\tests\main.cpp:48 - void initAllLogging(): 日志系统初始化完成，所有分类已注册
[2026-06-14 10:51:41.249] [DEBUG] [DB] [0x2bf4] ..\..\..\core\database\DatabaseTableManager.cpp:17 - DatabaseTableManager::DatabaseTableManager(const QString&, const QString&, const QString&, QObject*): DatabaseTableManager 构造，表名:"Words"
[2026-06-14 10:51:41.254] [INFO] [DB] [0x2bf4] ..\..\..\core\database\DatabaseTableManager.cpp:56 - DatabaseTableManager::DatabaseTableManager(const QString&, const QString&, const QString&, QObject*): 数据库连接成功，表名:"Words" 路径:"euwe_words.db"
[2026-06-14 10:51:41.254] [DEBUG] [DB] [0x2bf4] ..\..\..\core\database\DatabaseTableManager.cpp:128 - bool DatabaseTableManager::createTableIfNotExists(const QString&): 执行DDL成功:"CREATE TABLE IF NOT EXISTS Words (id INTEGER PRIMA"...
[2026-06-14 10:51:41.254] [INFO] [DB] [0x2bf4] ..\..\..\core\database\WordDatabaseManager.cpp:36 - WordDatabaseManager::WordDatabaseManager(const QString&, const QString&, const QString&, QObject*): Words 表已就绪，表名:"Words"
[2026-06-14 10:51:41.255] [DEBUG] [DB] [0x2bf4] ..\..\..\core\dictionary\LookupService.cpp:13 - LookupService::LookupService(const QSqlDatabase&, QObject*): LookupService 已初始化
[2026-06-14 10:51:41.617] [DEBUG] [DB] [0x2bf4] ..\..\..\core\database\DatabaseTableManager.cpp:17 - DatabaseTableManager::DatabaseTableManager(const QString&, const QString&, const QString&, QObject*): DatabaseTableManager 构造，表名:"Words"
[2026-06-14 10:51:41.618] [INFO] [DB] [0x2bf4] ..\..\..\core\database\DatabaseTableManager.cpp:56 - DatabaseTableManager::DatabaseTableManager(const QString&, const QString&, const QString&, QObject*): 数据库连接成功，表名:"Words" 路径:"euwe_words.db"
[2026-06-14 10:51:41.618] [DEBUG] [DB] [0x2bf4] ..\..\..\core\database\DatabaseTableManager.cpp:128 - bool DatabaseTableManager::createTableIfNotExists(const QString&): 执行DDL成功:"CREATE TABLE IF NOT EXISTS Words (id INTEGER PRIMA"...
[2026-06-14 10:51:41.619] [INFO] [DB] [0x2bf4] ..\..\..\core\database\WordDatabaseManager.cpp:36 - WordDatabaseManager::WordDatabaseManager(const QString&, const QString&, const QString&, QObject*): Words 表已就绪，表名:"Words"
[2026-06-14 10:51:41.619] [INFO] [DB] [0x2bf4] ..\..\..\ui\main\MainController.cpp:68 - void MainController::initBackend(): 熟词库初始化成功
[2026-06-14 10:51:41.619] [DEBUG] [DB] [0x2bf4] ..\..\..\core\dictionary\LookupService.cpp:13 - LookupService::LookupService(const QSqlDatabase&, QObject*): LookupService 已初始化
[2026-06-14 11:04:07.972] [DEBUG] [DB] [0x2bf4] ..\..\..\core\database\DatabaseTableManager.cpp:67 - virtual DatabaseTableManager::~DatabaseTableManager(): 数据库连接关闭:"DBMgr_Words_1ebe6281e60_1ebc82abba0"
[2026-06-14 11:04:15.051] [INFO] [GEN] [0x5650] ..\..\..\tests\main.cpp:48 - void initAllLogging(): 日志系统初始化完成，所有分类已注册
[2026-06-14 11:04:15.051] [INFO] [GEN] [0x5650] ..\..\..\tests\main.cpp:48 - void initAllLogging(): 日志系统初始化完成，所有分类已注册
[2026-06-14 11:04:15.059] [DEBUG] [DB] [0x5650] ..\..\..\core\database\DatabaseTableManager.cpp:17 - DatabaseTableManager::DatabaseTableManager(const QString&, const QString&, const QString&, QObject*): DatabaseTableManager 构造，表名:"Words"
[2026-06-14 11:04:15.064] [INFO] [DB] [0x5650] ..\..\..\core\database\DatabaseTableManager.cpp:56 - DatabaseTableManager::DatabaseTableManager(const QString&, const QString&, const QString&, QObject*): 数据库连接成功，表名:"Words" 路径:"euwe_words.db"
[2026-06-14 11:04:15.064] [DEBUG] [DB] [0x5650] ..\..\..\core\database\DatabaseTableManager.cpp:128 - bool DatabaseTableManager::createTableIfNotExists(const QString&): 执行DDL成功:"CREATE TABLE IF NOT EXISTS Words (id INTEGER PRIMA"...
[2026-06-14 11:04:15.064] [INFO] [DB] [0x5650] ..\..\..\core\database\WordDatabaseManager.cpp:36 - WordDatabaseManager::WordDatabaseManager(const QString&, const QString&, const QString&, QObject*): Words 表已就绪，表名:"Words"
[2026-06-14 11:04:15.065] [DEBUG] [DB] [0x5650] ..\..\..\core\dictionary\LookupService.cpp:13 - LookupService::LookupService(const QSqlDatabase&, QObject*): LookupService 已初始化
[2026-06-14 11:04:15.458] [DEBUG] [DB] [0x5650] ..\..\..\core\database\DatabaseTableManager.cpp:17 - DatabaseTableManager::DatabaseTableManager(const QString&, const QString&, const QString&, QObject*): DatabaseTableManager 构造，表名:"Words"
[2026-06-14 11:04:15.459] [INFO] [DB] [0x5650] ..\..\..\core\database\DatabaseTableManager.cpp:56 - DatabaseTableManager::DatabaseTableManager(const QString&, const QString&, const QString&, QObject*): 数据库连接成功，表名:"Words" 路径:"euwe_words.db"
[2026-06-14 11:04:15.459] [DEBUG] [DB] [0x5650] ..\..\..\core\database\DatabaseTableManager.cpp:128 - bool DatabaseTableManager::createTableIfNotExists(const QString&): 执行DDL成功:"CREATE TABLE IF NOT EXISTS Words (id INTEGER PRIMA"...
[2026-06-14 11:04:15.459] [INFO] [DB] [0x5650] ..\..\..\core\database\WordDatabaseManager.cpp:36 - WordDatabaseManager::WordDatabaseManager(const QString&, const QString&, const QString&, QObject*): Words 表已就绪，表名:"Words"
[2026-06-14 11:04:15.460] [INFO] [DB] [0x5650] ..\..\..\ui\main\MainController.cpp:68 - void MainController::initBackend(): 熟词库初始化成功
[2026-06-14 11:04:15.460] [DEBUG] [DB] [0x5650] ..\..\..\core\dictionary\LookupService.cpp:13 - LookupService::LookupService(const QSqlDatabase&, QObject*): LookupService 已初始化
[2026-06-14 11:14:39.643] [DEBUG] [DB] [0x5650] ..\..\..\core\database\DatabaseTableManager.cpp:67 - virtual DatabaseTableManager::~DatabaseTableManager(): 数据库连接关闭:"DBMgr_Words_21e36cbe2e0_21e18d0bc40"
[2026-06-14 11:15:39.741] [INFO] [GEN] [0x2d50] ..\..\..\tests\main.cpp:49 - void initAllLogging(): 日志系统初始化完成，所有分类已注册
[2026-06-14 11:15:39.741] [INFO] [GEN] [0x2d50] ..\..\..\tests\main.cpp:49 - void initAllLogging(): 日志系统初始化完成，所有分类已注册
[2026-06-14 11:15:39.750] [DEBUG] [DB] [0x2d50] ..\..\..\core\database\DatabaseTableManager.cpp:17 - DatabaseTableManager::DatabaseTableManager(const QString&, const QString&, const QString&, QObject*): DatabaseTableManager 构造，表名:"Words"
[2026-06-14 11:15:39.756] [INFO] [DB] [0x2d50] ..\..\..\core\database\DatabaseTableManager.cpp:56 - DatabaseTableManager::DatabaseTableManager(const QString&, const QString&, const QString&, QObject*): 数据库连接成功，表名:"Words" 路径:"euwe_words.db"
[2026-06-14 11:15:39.757] [DEBUG] [DB] [0x2d50] ..\..\..\core\database\DatabaseTableManager.cpp:128 - bool DatabaseTableManager::createTableIfNotExists(const QString&): 执行DDL成功:"CREATE TABLE IF NOT EXISTS Words (id INTEGER PRIMA"...
[2026-06-14 11:15:39.758] [INFO] [DB] [0x2d50] ..\..\..\core\database\WordDatabaseManager.cpp:36 - WordDatabaseManager::WordDatabaseManager(const QString&, const QString&, const QString&, QObject*): Words 表已就绪，表名:"Words"
[2026-06-14 11:15:39.759] [DEBUG] [DB] [0x2d50] ..\..\..\core\dictionary\LookupService.cpp:13 - LookupService::LookupService(const QSqlDatabase&, QObject*): LookupService 已初始化
[2026-06-14 11:15:40.789] [DEBUG] [DB] [0x2d50] ..\..\..\core\database\DatabaseTableManager.cpp:17 - DatabaseTableManager::DatabaseTableManager(const QString&, const QString&, const QString&, QObject*): DatabaseTableManager 构造，表名:"Words"
[2026-06-14 11:15:40.791] [INFO] [DB] [0x2d50] ..\..\..\core\database\DatabaseTableManager.cpp:56 - DatabaseTableManager::DatabaseTableManager(const QString&, const QString&, const QString&, QObject*): 数据库连接成功，表名:"Words" 路径:"euwe_words.db"
[2026-06-14 11:15:40.792] [DEBUG] [DB] [0x2d50] ..\..\..\core\database\DatabaseTableManager.cpp:128 - bool DatabaseTableManager::createTableIfNotExists(const QString&): 执行DDL成功:"CREATE TABLE IF NOT EXISTS Words (id INTEGER PRIMA"...
[2026-06-14 11:15:40.793] [INFO] [DB] [0x2d50] ..\..\..\core\database\WordDatabaseManager.cpp:36 - WordDatabaseManager::WordDatabaseManager(const QString&, const QString&, const QString&, QObject*): Words 表已就绪，表名:"Words"
[2026-06-14 11:15:40.793] [INFO] [DB] [0x2d50] ..\..\..\ui\main\MainController.cpp:68 - void MainController::initBackend(): 熟词库初始化成功
[2026-06-14 11:15:40.794] [DEBUG] [DB] [0x2d50] ..\..\..\core\dictionary\LookupService.cpp:13 - LookupService::LookupService(const QSqlDatabase&, QObject*): LookupService 已初始化
[2026-06-14 11:19:53.591] [INFO] [GEN] [0x470] ..\..\..\tests\main.cpp:49 - void initAllLogging(): 日志系统初始化完成，所有分类已注册
[2026-06-14 11:19:53.591] [INFO] [GEN] [0x470] ..\..\..\tests\main.cpp:49 - void initAllLogging(): 日志系统初始化完成，所有分类已注册
[2026-06-14 11:19:53.599] [DEBUG] [DB] [0x470] ..\..\..\core\database\DatabaseTableManager.cpp:17 - DatabaseTableManager::DatabaseTableManager(const QString&, const QString&, const QString&, QObject*): DatabaseTableManager 构造，表名:"Words"
[2026-06-14 11:19:53.604] [INFO] [DB] [0x470] ..\..\..\core\database\DatabaseTableManager.cpp:56 - DatabaseTableManager::DatabaseTableManager(const QString&, const QString&, const QString&, QObject*): 数据库连接成功，表名:"Words" 路径:"euwe_words.db"
[2026-06-14 11:19:53.604] [DEBUG] [DB] [0x470] ..\..\..\core\database\DatabaseTableManager.cpp:128 - bool DatabaseTableManager::createTableIfNotExists(const QString&): 执行DDL成功:"CREATE TABLE IF NOT EXISTS Words (id INTEGER PRIMA"...
[2026-06-14 11:19:53.604] [INFO] [DB] [0x470] ..\..\..\core\database\WordDatabaseManager.cpp:36 - WordDatabaseManager::WordDatabaseManager(const QString&, const QString&, const QString&, QObject*): Words 表已就绪，表名:"Words"
[2026-06-14 11:19:53.604] [DEBUG] [DB] [0x470] ..\..\..\core\dictionary\LookupService.cpp:13 - LookupService::LookupService(const QSqlDatabase&, QObject*): LookupService 已初始化
[2026-06-14 11:19:53.960] [DEBUG] [DB] [0x470] ..\..\..\core\database\DatabaseTableManager.cpp:17 - DatabaseTableManager::DatabaseTableManager(const QString&, const QString&, const QString&, QObject*): DatabaseTableManager 构造，表名:"Words"
[2026-06-14 11:19:53.961] [INFO] [DB] [0x470] ..\..\..\core\database\DatabaseTableManager.cpp:56 - DatabaseTableManager::DatabaseTableManager(const QString&, const QString&, const QString&, QObject*): 数据库连接成功，表名:"Words" 路径:"euwe_words.db"
[2026-06-14 11:19:53.962] [DEBUG] [DB] [0x470] ..\..\..\core\database\DatabaseTableManager.cpp:128 - bool DatabaseTableManager::createTableIfNotExists(const QString&): 执行DDL成功:"CREATE TABLE IF NOT EXISTS Words (id INTEGER PRIMA"...
[2026-06-14 11:19:53.962] [INFO] [DB] [0x470] ..\..\..\core\database\WordDatabaseManager.cpp:36 - WordDatabaseManager::WordDatabaseManager(const QString&, const QString&, const QString&, QObject*): Words 表已就绪，表名:"Words"
[2026-06-14 11:19:53.962] [INFO] [DB] [0x470] ..\..\..\ui\main\MainController.cpp:68 - void MainController::initBackend(): 熟词库初始化成功
[2026-06-14 11:19:53.962] [DEBUG] [DB] [0x470] ..\..\..\core\dictionary\LookupService.cpp:13 - LookupService::LookupService(const QSqlDatabase&, QObject*): LookupService 已初始化
[2026-06-14 11:19:54.148] [FATAL] [GEN] [0x470] ..\..\..\tests\main.cpp:65 - qMain(int, char**)::<lambda()>: QML对象创建失败
[2026-06-14 11:19:54.148] [FATAL] [GEN] [0x470] ..\..\..\tests\main.cpp:65 - qMain(int, char**)::<lambda()>: QML对象创建失败
[2026-06-14 11:19:56.883] [DEBUG] [DB] [0x470] ..\..\..\core\database\DatabaseTableManager.cpp:67 - virtual DatabaseTableManager::~DatabaseTableManager(): 数据库连接关闭:"DBMgr_Words_1feec0a62a0_1fece0eb9e0"
[2026-06-14 11:19:58.988] [INFO] [GEN] [0x4474] ..\..\..\tests\main.cpp:49 - void initAllLogging(): 日志系统初始化完成，所有分类已注册
[2026-06-14 11:19:58.988] [INFO] [GEN] [0x4474] ..\..\..\tests\main.cpp:49 - void initAllLogging(): 日志系统初始化完成，所有分类已注册
[2026-06-14 11:19:58.994] [DEBUG] [DB] [0x4474] ..\..\..\core\database\DatabaseTableManager.cpp:17 - DatabaseTableManager::DatabaseTableManager(const QString&, const QString&, const QString&, QObject*): DatabaseTableManager 构造，表名:"Words"
[2026-06-14 11:19:58.999] [INFO] [DB] [0x4474] ..\..\..\core\database\DatabaseTableManager.cpp:56 - DatabaseTableManager::DatabaseTableManager(const QString&, const QString&, const QString&, QObject*): 数据库连接成功，表名:"Words" 路径:"euwe_words.db"
[2026-06-14 11:19:59.000] [DEBUG] [DB] [0x4474] ..\..\..\core\database\DatabaseTableManager.cpp:128 - bool DatabaseTableManager::createTableIfNotExists(const QString&): 执行DDL成功:"CREATE TABLE IF NOT EXISTS Words (id INTEGER PRIMA"...
[2026-06-14 11:19:59.000] [INFO] [DB] [0x4474] ..\..\..\core\database\WordDatabaseManager.cpp:36 - WordDatabaseManager::WordDatabaseManager(const QString&, const QString&, const QString&, QObject*): Words 表已就绪，表名:"Words"
[2026-06-14 11:19:59.000] [DEBUG] [DB] [0x4474] ..\..\..\core\dictionary\LookupService.cpp:13 - LookupService::LookupService(const QSqlDatabase&, QObject*): LookupService 已初始化
[2026-06-14 11:19:59.367] [DEBUG] [DB] [0x4474] ..\..\..\core\database\DatabaseTableManager.cpp:17 - DatabaseTableManager::DatabaseTableManager(const QString&, const QString&, const QString&, QObject*): DatabaseTableManager 构造，表名:"Words"
[2026-06-14 11:19:59.368] [INFO] [DB] [0x4474] ..\..\..\core\database\DatabaseTableManager.cpp:56 - DatabaseTableManager::DatabaseTableManager(const QString&, const QString&, const QString&, QObject*): 数据库连接成功，表名:"Words" 路径:"euwe_words.db"
[2026-06-14 11:19:59.368] [DEBUG] [DB] [0x4474] ..\..\..\core\database\DatabaseTableManager.cpp:128 - bool DatabaseTableManager::createTableIfNotExists(const QString&): 执行DDL成功:"CREATE TABLE IF NOT EXISTS Words (id INTEGER PRIMA"...
[2026-06-14 11:19:59.369] [INFO] [DB] [0x4474] ..\..\..\core\database\WordDatabaseManager.cpp:36 - WordDatabaseManager::WordDatabaseManager(const QString&, const QString&, const QString&, QObject*): Words 表已就绪，表名:"Words"
[2026-06-14 11:19:59.369] [INFO] [DB] [0x4474] ..\..\..\ui\main\MainController.cpp:68 - void MainController::initBackend(): 熟词库初始化成功
[2026-06-14 11:19:59.369] [DEBUG] [DB] [0x4474] ..\..\..\core\dictionary\LookupService.cpp:13 - LookupService::LookupService(const QSqlDatabase&, QObject*): LookupService 已初始化
[2026-06-14 11:20:24.676] [DEBUG] [DB] [0x4474] ..\..\..\core\database\DatabaseTableManager.cpp:67 - virtual DatabaseTableManager::~DatabaseTableManager(): 数据库连接关闭:"DBMgr_Words_2ae178eefc0_2ae7985ba60"
[2026-06-14 11:20:26.598] [INFO] [GEN] [0x3a0] ..\..\..\tests\main.cpp:49 - void initAllLogging(): 日志系统初始化完成，所有分类已注册
[2026-06-14 11:20:26.598] [INFO] [GEN] [0x3a0] ..\..\..\tests\main.cpp:49 - void initAllLogging(): 日志系统初始化完成，所有分类已注册
[2026-06-14 11:20:26.607] [DEBUG] [DB] [0x3a0] ..\..\..\core\database\DatabaseTableManager.cpp:17 - DatabaseTableManager::DatabaseTableManager(const QString&, const QString&, const QString&, QObject*): DatabaseTableManager 构造，表名:"Words"
[2026-06-14 11:20:26.611] [INFO] [DB] [0x3a0] ..\..\..\core\database\DatabaseTableManager.cpp:56 - DatabaseTableManager::DatabaseTableManager(const QString&, const QString&, const QString&, QObject*): 数据库连接成功，表名:"Words" 路径:"euwe_words.db"
[2026-06-14 11:20:26.611] [DEBUG] [DB] [0x3a0] ..\..\..\core\database\DatabaseTableManager.cpp:128 - bool DatabaseTableManager::createTableIfNotExists(const QString&): 执行DDL成功:"CREATE TABLE IF NOT EXISTS Words (id INTEGER PRIMA"...
[2026-06-14 11:20:26.611] [INFO] [DB] [0x3a0] ..\..\..\core\database\WordDatabaseManager.cpp:36 - WordDatabaseManager::WordDatabaseManager(const QString&, const QString&, const QString&, QObject*): Words 表已就绪，表名:"Words"
[2026-06-14 11:20:26.612] [DEBUG] [DB] [0x3a0] ..\..\..\core\dictionary\LookupService.cpp:13 - LookupService::LookupService(const QSqlDatabase&, QObject*): LookupService 已初始化
[2026-06-14 11:20:26.955] [DEBUG] [DB] [0x3a0] ..\..\..\core\database\DatabaseTableManager.cpp:17 - DatabaseTableManager::DatabaseTableManager(const QString&, const QString&, const QString&, QObject*): DatabaseTableManager 构造，表名:"Words"
[2026-06-14 11:20:26.956] [INFO] [DB] [0x3a0] ..\..\..\core\database\DatabaseTableManager.cpp:56 - DatabaseTableManager::DatabaseTableManager(const QString&, const QString&, const QString&, QObject*): 数据库连接成功，表名:"Words" 路径:"euwe_words.db"
[2026-06-14 11:20:26.956] [DEBUG] [DB] [0x3a0] ..\..\..\core\database\DatabaseTableManager.cpp:128 - bool DatabaseTableManager::createTableIfNotExists(const QString&): 执行DDL成功:"CREATE TABLE IF NOT EXISTS Words (id INTEGER PRIMA"...
[2026-06-14 11:20:26.957] [INFO] [DB] [0x3a0] ..\..\..\core\database\WordDatabaseManager.cpp:36 - WordDatabaseManager::WordDatabaseManager(const QString&, const QString&, const QString&, QObject*): Words 表已就绪，表名:"Words"
[2026-06-14 11:20:26.957] [INFO] [DB] [0x3a0] ..\..\..\ui\main\MainController.cpp:68 - void MainController::initBackend(): 熟词库初始化成功
[2026-06-14 11:20:26.957] [DEBUG] [DB] [0x3a0] ..\..\..\core\dictionary\LookupService.cpp:13 - LookupService::LookupService(const QSqlDatabase&, QObject*): LookupService 已初始化
[2026-06-14 11:20:31.340] [DEBUG] [DB] [0x3a0] ..\..\..\core\database\DatabaseTableManager.cpp:67 - virtual DatabaseTableManager::~DatabaseTableManager(): 数据库连接关闭:"DBMgr_Words_1d1565f8360_1d13855b9a0"
[2026-06-14 11:20:33.236] [INFO] [GEN] [0x38cc] ..\..\..\tests\main.cpp:49 - void initAllLogging(): 日志系统初始化完成，所有分类已注册
[2026-06-14 11:20:33.236] [INFO] [GEN] [0x38cc] ..\..\..\tests\main.cpp:49 - void initAllLogging(): 日志系统初始化完成，所有分类已注册
[2026-06-14 11:20:33.244] [DEBUG] [DB] [0x38cc] ..\..\..\core\database\DatabaseTableManager.cpp:17 - DatabaseTableManager::DatabaseTableManager(const QString&, const QString&, const QString&, QObject*): DatabaseTableManager 构造，表名:"Words"
[2026-06-14 11:20:33.249] [INFO] [DB] [0x38cc] ..\..\..\core\database\DatabaseTableManager.cpp:56 - DatabaseTableManager::DatabaseTableManager(const QString&, const QString&, const QString&, QObject*): 数据库连接成功，表名:"Words" 路径:"euwe_words.db"
[2026-06-14 11:20:33.249] [DEBUG] [DB] [0x38cc] ..\..\..\core\database\DatabaseTableManager.cpp:128 - bool DatabaseTableManager::createTableIfNotExists(const QString&): 执行DDL成功:"CREATE TABLE IF NOT EXISTS Words (id INTEGER PRIMA"...
[2026-06-14 11:20:33.249] [INFO] [DB] [0x38cc] ..\..\..\core\database\WordDatabaseManager.cpp:36 - WordDatabaseManager::WordDatabaseManager(const QString&, const QString&, const QString&, QObject*): Words 表已就绪，表名:"Words"
[2026-06-14 11:20:33.249] [DEBUG] [DB] [0x38cc] ..\..\..\core\dictionary\LookupService.cpp:13 - LookupService::LookupService(const QSqlDatabase&, QObject*): LookupService 已初始化
[2026-06-14 11:20:33.597] [DEBUG] [DB] [0x38cc] ..\..\..\core\database\DatabaseTableManager.cpp:17 - DatabaseTableManager::DatabaseTableManager(const QString&, const QString&, const QString&, QObject*): DatabaseTableManager 构造，表名:"Words"
[2026-06-14 11:20:33.598] [INFO] [DB] [0x38cc] ..\..\..\core\database\DatabaseTableManager.cpp:56 - DatabaseTableManager::DatabaseTableManager(const QString&, const QString&, const QString&, QObject*): 数据库连接成功，表名:"Words" 路径:"euwe_words.db"
[2026-06-14 11:20:33.598] [DEBUG] [DB] [0x38cc] ..\..\..\core\database\DatabaseTableManager.cpp:128 - bool DatabaseTableManager::createTableIfNotExists(const QString&): 执行DDL成功:"CREATE TABLE IF NOT EXISTS Words (id INTEGER PRIMA"...
[2026-06-14 11:20:33.598] [INFO] [DB] [0x38cc] ..\..\..\core\database\WordDatabaseManager.cpp:36 - WordDatabaseManager::WordDatabaseManager(const QString&, const QString&, const QString&, QObject*): Words 表已就绪，表名:"Words"
[2026-06-14 11:20:33.599] [INFO] [DB] [0x38cc] ..\..\..\ui\main\MainController.cpp:68 - void MainController::initBackend(): 熟词库初始化成功
[2026-06-14 11:20:33.599] [DEBUG] [DB] [0x38cc] ..\..\..\core\dictionary\LookupService.cpp:13 - LookupService::LookupService(const QSqlDatabase&, QObject*): LookupService 已初始化
[2026-06-14 11:31:47.360] [DEBUG] [DB] [0x38cc] ..\..\..\core\database\DatabaseTableManager.cpp:67 - virtual DatabaseTableManager::~DatabaseTableManager(): 数据库连接关闭:"DBMgr_Words_1bb2a59f200_1bb0c59bcc0"
[2026-06-14 11:32:00.978] [INFO] [GEN] [0x2bd4] ..\..\..\tests\main.cpp:49 - void initAllLogging(): 日志系统初始化完成，所有分类已注册
[2026-06-14 11:32:00.978] [INFO] [GEN] [0x2bd4] ..\..\..\tests\main.cpp:49 - void initAllLogging(): 日志系统初始化完成，所有分类已注册
[2026-06-14 11:32:00.985] [DEBUG] [DB] [0x2bd4] ..\..\..\core\database\DatabaseTableManager.cpp:17 - DatabaseTableManager::DatabaseTableManager(const QString&, const QString&, const QString&, QObject*): DatabaseTableManager 构造，表名:"Words"
[2026-06-14 11:32:00.989] [INFO] [DB] [0x2bd4] ..\..\..\core\database\DatabaseTableManager.cpp:56 - DatabaseTableManager::DatabaseTableManager(const QString&, const QString&, const QString&, QObject*): 数据库连接成功，表名:"Words" 路径:"euwe_words.db"
[2026-06-14 11:32:00.989] [DEBUG] [DB] [0x2bd4] ..\..\..\core\database\DatabaseTableManager.cpp:128 - bool DatabaseTableManager::createTableIfNotExists(const QString&): 执行DDL成功:"CREATE TABLE IF NOT EXISTS Words (id INTEGER PRIMA"...
[2026-06-14 11:32:00.989] [INFO] [DB] [0x2bd4] ..\..\..\core\database\WordDatabaseManager.cpp:36 - WordDatabaseManager::WordDatabaseManager(const QString&, const QString&, const QString&, QObject*): Words 表已就绪，表名:"Words"
[2026-06-14 11:32:00.990] [DEBUG] [DB] [0x2bd4] ..\..\..\core\dictionary\LookupService.cpp:13 - LookupService::LookupService(const QSqlDatabase&, QObject*): LookupService 已初始化
[2026-06-14 11:32:01.393] [DEBUG] [DB] [0x2bd4] ..\..\..\core\database\DatabaseTableManager.cpp:17 - DatabaseTableManager::DatabaseTableManager(const QString&, const QString&, const QString&, QObject*): DatabaseTableManager 构造，表名:"Words"
[2026-06-14 11:32:01.394] [INFO] [DB] [0x2bd4] ..\..\..\core\database\DatabaseTableManager.cpp:56 - DatabaseTableManager::DatabaseTableManager(const QString&, const QString&, const QString&, QObject*): 数据库连接成功，表名:"Words" 路径:"euwe_words.db"
[2026-06-14 11:32:01.394] [DEBUG] [DB] [0x2bd4] ..\..\..\core\database\DatabaseTableManager.cpp:128 - bool DatabaseTableManager::createTableIfNotExists(const QString&): 执行DDL成功:"CREATE TABLE IF NOT EXISTS Words (id INTEGER PRIMA"...
[2026-06-14 11:32:01.395] [INFO] [DB] [0x2bd4] ..\..\..\core\database\WordDatabaseManager.cpp:36 - WordDatabaseManager::WordDatabaseManager(const QString&, const QString&, const QString&, QObject*): Words 表已就绪，表名:"Words"
[2026-06-14 11:32:01.395] [INFO] [DB] [0x2bd4] ..\..\..\ui\main\MainController.cpp:68 - void MainController::initBackend(): 熟词库初始化成功
[2026-06-14 11:32:01.395] [DEBUG] [DB] [0x2bd4] ..\..\..\core\dictionary\LookupService.cpp:13 - LookupService::LookupService(const QSqlDatabase&, QObject*): LookupService 已初始化
[2026-06-14 11:32:03.322] [DEBUG] [DB] [0x2bd4] ..\..\..\core\database\DatabaseTableManager.cpp:67 - virtual DatabaseTableManager::~DatabaseTableManager(): 数据库连接关闭:"DBMgr_Words_137958af5a0_137f792ba40"
[2026-06-14 11:32:57.642] [INFO] [GEN] [0x2380] ..\..\..\tests\main.cpp:49 - void initAllLogging(): 日志系统初始化完成，所有分类已注册
[2026-06-14 11:32:57.642] [INFO] [GEN] [0x2380] ..\..\..\tests\main.cpp:49 - void initAllLogging(): 日志系统初始化完成，所有分类已注册
[2026-06-14 11:32:57.649] [DEBUG] [DB] [0x2380] ..\..\..\core\database\DatabaseTableManager.cpp:17 - DatabaseTableManager::DatabaseTableManager(const QString&, const QString&, const QString&, QObject*): DatabaseTableManager 构造，表名:"Words"
[2026-06-14 11:32:57.654] [INFO] [DB] [0x2380] ..\..\..\core\database\DatabaseTableManager.cpp:56 - DatabaseTableManager::DatabaseTableManager(const QString&, const QString&, const QString&, QObject*): 数据库连接成功，表名:"Words" 路径:"euwe_words.db"
[2026-06-14 11:32:57.655] [DEBUG] [DB] [0x2380] ..\..\..\core\database\DatabaseTableManager.cpp:128 - bool DatabaseTableManager::createTableIfNotExists(const QString&): 执行DDL成功:"CREATE TABLE IF NOT EXISTS Words (id INTEGER PRIMA"...
[2026-06-14 11:32:57.655] [INFO] [DB] [0x2380] ..\..\..\core\database\WordDatabaseManager.cpp:36 - WordDatabaseManager::WordDatabaseManager(const QString&, const QString&, const QString&, QObject*): Words 表已就绪，表名:"Words"
[2026-06-14 11:32:57.655] [DEBUG] [DB] [0x2380] ..\..\..\core\dictionary\LookupService.cpp:13 - LookupService::LookupService(const QSqlDatabase&, QObject*): LookupService 已初始化
[2026-06-14 11:32:58.069] [DEBUG] [DB] [0x2380] ..\..\..\core\database\DatabaseTableManager.cpp:17 - DatabaseTableManager::DatabaseTableManager(const QString&, const QString&, const QString&, QObject*): DatabaseTableManager 构造，表名:"Words"
[2026-06-14 11:32:58.070] [INFO] [DB] [0x2380] ..\..\..\core\database\DatabaseTableManager.cpp:56 - DatabaseTableManager::DatabaseTableManager(const QString&, const QString&, const QString&, QObject*): 数据库连接成功，表名:"Words" 路径:"euwe_words.db"
[2026-06-14 11:32:58.071] [DEBUG] [DB] [0x2380] ..\..\..\core\database\DatabaseTableManager.cpp:128 - bool DatabaseTableManager::createTableIfNotExists(const QString&): 执行DDL成功:"CREATE TABLE IF NOT EXISTS Words (id INTEGER PRIMA"...
[2026-06-14 11:32:58.071] [INFO] [DB] [0x2380] ..\..\..\core\database\WordDatabaseManager.cpp:36 - WordDatabaseManager::WordDatabaseManager(const QString&, const QString&, const QString&, QObject*): Words 表已就绪，表名:"Words"
[2026-06-14 11:32:58.071] [INFO] [DB] [0x2380] ..\..\..\ui\main\MainController.cpp:68 - void MainController::initBackend(): 熟词库初始化成功
[2026-06-14 11:32:58.071] [DEBUG] [DB] [0x2380] ..\..\..\core\dictionary\LookupService.cpp:13 - LookupService::LookupService(const QSqlDatabase&, QObject*): LookupService 已初始化
[2026-06-14 11:45:50.311] [DEBUG] [DB] [0x2380] ..\..\..\core\database\DatabaseTableManager.cpp:67 - virtual DatabaseTableManager::~DatabaseTableManager(): 数据库连接关闭:"DBMgr_Words_1bc44843fa0_1bc264fbac0"
[2026-06-14 12:16:00.335] [INFO] [GEN] [0x2700] ..\..\..\tests\main.cpp:50 - void initAllLogging(): 日志系统初始化完成，所有分类已注册
[2026-06-14 12:16:00.335] [INFO] [GEN] [0x2700] ..\..\..\tests\main.cpp:50 - void initAllLogging(): 日志系统初始化完成，所有分类已注册
[2026-06-14 12:16:00.343] [DEBUG] [DB] [0x2700] ..\..\..\core\database\DatabaseTableManager.cpp:17 - DatabaseTableManager::DatabaseTableManager(const QString&, const QString&, const QString&, QObject*): DatabaseTableManager 构造，表名:"Words"
[2026-06-14 12:16:00.347] [INFO] [DB] [0x2700] ..\..\..\core\database\DatabaseTableManager.cpp:56 - DatabaseTableManager::DatabaseTableManager(const QString&, const QString&, const QString&, QObject*): 数据库连接成功，表名:"Words" 路径:"euwe_words.db"
[2026-06-14 12:16:00.348] [DEBUG] [DB] [0x2700] ..\..\..\core\database\DatabaseTableManager.cpp:128 - bool DatabaseTableManager::createTableIfNotExists(const QString&): 执行DDL成功:"CREATE TABLE IF NOT EXISTS Words (id INTEGER PRIMA"...
[2026-06-14 12:16:00.348] [INFO] [DB] [0x2700] ..\..\..\core\database\WordDatabaseManager.cpp:36 - WordDatabaseManager::WordDatabaseManager(const QString&, const QString&, const QString&, QObject*): Words 表已就绪，表名:"Words"
[2026-06-14 12:16:00.348] [DEBUG] [DB] [0x2700] ..\..\..\core\dictionary\LookupService.cpp:13 - LookupService::LookupService(const QSqlDatabase&, QObject*): LookupService 已初始化
[2026-06-14 12:16:00.548] [DEBUG] [DB] [0x2700] ..\..\..\core\database\DatabaseTableManager.cpp:17 - DatabaseTableManager::DatabaseTableManager(const QString&, const QString&, const QString&, QObject*): DatabaseTableManager 构造，表名:"Words"
[2026-06-14 12:16:00.549] [INFO] [DB] [0x2700] ..\..\..\core\database\DatabaseTableManager.cpp:56 - DatabaseTableManager::DatabaseTableManager(const QString&, const QString&, const QString&, QObject*): 数据库连接成功，表名:"Words" 路径:"euwe_words.db"
[2026-06-14 12:16:00.549] [DEBUG] [DB] [0x2700] ..\..\..\core\database\DatabaseTableManager.cpp:128 - bool DatabaseTableManager::createTableIfNotExists(const QString&): 执行DDL成功:"CREATE TABLE IF NOT EXISTS Words (id INTEGER PRIMA"...
[2026-06-14 12:16:00.549] [INFO] [DB] [0x2700] ..\..\..\core\database\WordDatabaseManager.cpp:36 - WordDatabaseManager::WordDatabaseManager(const QString&, const QString&, const QString&, QObject*): Words 表已就绪，表名:"Words"
[2026-06-14 12:16:00.550] [INFO] [DB] [0x2700] ..\..\..\ui\main\MainController.cpp:68 - void MainController::initBackend(): 熟词库初始化成功
[2026-06-14 12:16:00.550] [DEBUG] [DB] [0x2700] ..\..\..\core\dictionary\LookupService.cpp:13 - LookupService::LookupService(const QSqlDatabase&, QObject*): LookupService 已初始化
[2026-06-14 12:17:44.085] [DEBUG] [DB] [0x2700] ..\..\..\core\database\DatabaseTableManager.cpp:67 - virtual DatabaseTableManager::~DatabaseTableManager(): 数据库连接关闭:"DBMgr_Words_133c497ba90_133a693bc60"
[2026-06-14 12:17:46.003] [INFO] [GEN] [0x47c4] ..\..\..\tests\main.cpp:50 - void initAllLogging(): 日志系统初始化完成，所有分类已注册
[2026-06-14 12:17:46.003] [INFO] [GEN] [0x47c4] ..\..\..\tests\main.cpp:50 - void initAllLogging(): 日志系统初始化完成，所有分类已注册
[2026-06-14 12:17:46.011] [DEBUG] [DB] [0x47c4] ..\..\..\core\database\DatabaseTableManager.cpp:17 - DatabaseTableManager::DatabaseTableManager(const QString&, const QString&, const QString&, QObject*): DatabaseTableManager 构造，表名:"Words"
[2026-06-14 12:17:46.017] [INFO] [DB] [0x47c4] ..\..\..\core\database\DatabaseTableManager.cpp:56 - DatabaseTableManager::DatabaseTableManager(const QString&, const QString&, const QString&, QObject*): 数据库连接成功，表名:"Words" 路径:"euwe_words.db"
[2026-06-14 12:17:46.018] [DEBUG] [DB] [0x47c4] ..\..\..\core\database\DatabaseTableManager.cpp:128 - bool DatabaseTableManager::createTableIfNotExists(const QString&): 执行DDL成功:"CREATE TABLE IF NOT EXISTS Words (id INTEGER PRIMA"...
[2026-06-14 12:17:46.018] [INFO] [DB] [0x47c4] ..\..\..\core\database\WordDatabaseManager.cpp:36 - WordDatabaseManager::WordDatabaseManager(const QString&, const QString&, const QString&, QObject*): Words 表已就绪，表名:"Words"
[2026-06-14 12:17:46.018] [DEBUG] [DB] [0x47c4] ..\..\..\core\dictionary\LookupService.cpp:13 - LookupService::LookupService(const QSqlDatabase&, QObject*): LookupService 已初始化
[2026-06-14 12:17:46.432] [DEBUG] [DB] [0x47c4] ..\..\..\core\database\DatabaseTableManager.cpp:17 - DatabaseTableManager::DatabaseTableManager(const QString&, const QString&, const QString&, QObject*): DatabaseTableManager 构造，表名:"Words"
[2026-06-14 12:17:46.433] [INFO] [DB] [0x47c4] ..\..\..\core\database\DatabaseTableManager.cpp:56 - DatabaseTableManager::DatabaseTableManager(const QString&, const QString&, const QString&, QObject*): 数据库连接成功，表名:"Words" 路径:"euwe_words.db"
[2026-06-14 12:17:46.434] [DEBUG] [DB] [0x47c4] ..\..\..\core\database\DatabaseTableManager.cpp:128 - bool DatabaseTableManager::createTableIfNotExists(const QString&): 执行DDL成功:"CREATE TABLE IF NOT EXISTS Words (id INTEGER PRIMA"...
[2026-06-14 12:17:46.434] [INFO] [DB] [0x47c4] ..\..\..\core\database\WordDatabaseManager.cpp:36 - WordDatabaseManager::WordDatabaseManager(const QString&, const QString&, const QString&, QObject*): Words 表已就绪，表名:"Words"
[2026-06-14 12:17:46.434] [INFO] [DB] [0x47c4] ..\..\..\ui\main\MainController.cpp:68 - void MainController::initBackend(): 熟词库初始化成功
[2026-06-14 12:17:46.434] [DEBUG] [DB] [0x47c4] ..\..\..\core\dictionary\LookupService.cpp:13 - LookupService::LookupService(const QSqlDatabase&, QObject*): LookupService 已初始化
[2026-06-14 12:19:58.372] [DEBUG] [DB] [0x47c4] ..\..\..\core\database\DatabaseTableManager.cpp:67 - virtual DatabaseTableManager::~DatabaseTableManager(): 数据库连接关闭:"DBMgr_Words_152aa07d2e0_1528c15bba0"
[2026-06-14 12:20:00.304] [INFO] [GEN] [0x4240] ..\..\..\tests\main.cpp:50 - void initAllLogging(): 日志系统初始化完成，所有分类已注册
[2026-06-14 12:20:00.304] [INFO] [GEN] [0x4240] ..\..\..\tests\main.cpp:50 - void initAllLogging(): 日志系统初始化完成，所有分类已注册
[2026-06-14 12:20:00.311] [DEBUG] [DB] [0x4240] ..\..\..\core\database\DatabaseTableManager.cpp:17 - DatabaseTableManager::DatabaseTableManager(const QString&, const QString&, const QString&, QObject*): DatabaseTableManager 构造，表名:"Words"
[2026-06-14 12:20:00.316] [INFO] [DB] [0x4240] ..\..\..\core\database\DatabaseTableManager.cpp:56 - DatabaseTableManager::DatabaseTableManager(const QString&, const QString&, const QString&, QObject*): 数据库连接成功，表名:"Words" 路径:"euwe_words.db"
[2026-06-14 12:20:00.316] [DEBUG] [DB] [0x4240] ..\..\..\core\database\DatabaseTableManager.cpp:128 - bool DatabaseTableManager::createTableIfNotExists(const QString&): 执行DDL成功:"CREATE TABLE IF NOT EXISTS Words (id INTEGER PRIMA"...
[2026-06-14 12:20:00.316] [INFO] [DB] [0x4240] ..\..\..\core\database\WordDatabaseManager.cpp:36 - WordDatabaseManager::WordDatabaseManager(const QString&, const QString&, const QString&, QObject*): Words 表已就绪，表名:"Words"
[2026-06-14 12:20:00.316] [DEBUG] [DB] [0x4240] ..\..\..\core\dictionary\LookupService.cpp:13 - LookupService::LookupService(const QSqlDatabase&, QObject*): LookupService 已初始化
[2026-06-14 12:20:00.682] [DEBUG] [DB] [0x4240] ..\..\..\core\database\DatabaseTableManager.cpp:17 - DatabaseTableManager::DatabaseTableManager(const QString&, const QString&, const QString&, QObject*): DatabaseTableManager 构造，表名:"Words"
[2026-06-14 12:20:00.684] [INFO] [DB] [0x4240] ..\..\..\core\database\DatabaseTableManager.cpp:56 - DatabaseTableManager::DatabaseTableManager(const QString&, const QString&, const QString&, QObject*): 数据库连接成功，表名:"Words" 路径:"euwe_words.db"
[2026-06-14 12:20:00.684] [DEBUG] [DB] [0x4240] ..\..\..\core\database\DatabaseTableManager.cpp:128 - bool DatabaseTableManager::createTableIfNotExists(const QString&): 执行DDL成功:"CREATE TABLE IF NOT EXISTS Words (id INTEGER PRIMA"...
[2026-06-14 12:20:00.684] [INFO] [DB] [0x4240] ..\..\..\core\database\WordDatabaseManager.cpp:36 - WordDatabaseManager::WordDatabaseManager(const QString&, const QString&, const QString&, QObject*): Words 表已就绪，表名:"Words"
[2026-06-14 12:20:00.684] [INFO] [DB] [0x4240] ..\..\..\ui\main\MainController.cpp:68 - void MainController::initBackend(): 熟词库初始化成功
[2026-06-14 12:20:00.684] [DEBUG] [DB] [0x4240] ..\..\..\core\dictionary\LookupService.cpp:13 - LookupService::LookupService(const QSqlDatabase&, QObject*): LookupService 已初始化
[2026-06-14 12:20:16.531] [DEBUG] [DB] [0x4240] ..\..\..\core\database\DatabaseTableManager.cpp:67 - virtual DatabaseTableManager::~DatabaseTableManager(): 数据库连接关闭:"DBMgr_Words_1a21f701560_1a2016ebc40"
[2026-06-14 12:20:18.432] [INFO] [GEN] [0x3d30] ..\..\..\tests\main.cpp:50 - void initAllLogging(): 日志系统初始化完成，所有分类已注册
[2026-06-14 12:20:18.432] [INFO] [GEN] [0x3d30] ..\..\..\tests\main.cpp:50 - void initAllLogging(): 日志系统初始化完成，所有分类已注册
[2026-06-14 12:20:18.440] [DEBUG] [DB] [0x3d30] ..\..\..\core\database\DatabaseTableManager.cpp:17 - DatabaseTableManager::DatabaseTableManager(const QString&, const QString&, const QString&, QObject*): DatabaseTableManager 构造，表名:"Words"
[2026-06-14 12:20:18.446] [INFO] [DB] [0x3d30] ..\..\..\core\database\DatabaseTableManager.cpp:56 - DatabaseTableManager::DatabaseTableManager(const QString&, const QString&, const QString&, QObject*): 数据库连接成功，表名:"Words" 路径:"euwe_words.db"
[2026-06-14 12:20:18.446] [DEBUG] [DB] [0x3d30] ..\..\..\core\database\DatabaseTableManager.cpp:128 - bool DatabaseTableManager::createTableIfNotExists(const QString&): 执行DDL成功:"CREATE TABLE IF NOT EXISTS Words (id INTEGER PRIMA"...
[2026-06-14 12:20:18.446] [INFO] [DB] [0x3d30] ..\..\..\core\database\WordDatabaseManager.cpp:36 - WordDatabaseManager::WordDatabaseManager(const QString&, const QString&, const QString&, QObject*): Words 表已就绪，表名:"Words"
[2026-06-14 12:20:18.447] [DEBUG] [DB] [0x3d30] ..\..\..\core\dictionary\LookupService.cpp:13 - LookupService::LookupService(const QSqlDatabase&, QObject*): LookupService 已初始化
[2026-06-14 12:20:18.789] [DEBUG] [DB] [0x3d30] ..\..\..\core\database\DatabaseTableManager.cpp:17 - DatabaseTableManager::DatabaseTableManager(const QString&, const QString&, const QString&, QObject*): DatabaseTableManager 构造，表名:"Words"
[2026-06-14 12:20:18.790] [INFO] [DB] [0x3d30] ..\..\..\core\database\DatabaseTableManager.cpp:56 - DatabaseTableManager::DatabaseTableManager(const QString&, const QString&, const QString&, QObject*): 数据库连接成功，表名:"Words" 路径:"euwe_words.db"
[2026-06-14 12:20:18.791] [DEBUG] [DB] [0x3d30] ..\..\..\core\database\DatabaseTableManager.cpp:128 - bool DatabaseTableManager::createTableIfNotExists(const QString&): 执行DDL成功:"CREATE TABLE IF NOT EXISTS Words (id INTEGER PRIMA"...
[2026-06-14 12:20:18.791] [INFO] [DB] [0x3d30] ..\..\..\core\database\WordDatabaseManager.cpp:36 - WordDatabaseManager::WordDatabaseManager(const QString&, const QString&, const QString&, QObject*): Words 表已就绪，表名:"Words"
[2026-06-14 12:20:18.791] [INFO] [DB] [0x3d30] ..\..\..\ui\main\MainController.cpp:68 - void MainController::initBackend(): 熟词库初始化成功
[2026-06-14 12:20:18.791] [DEBUG] [DB] [0x3d30] ..\..\..\core\dictionary\LookupService.cpp:13 - LookupService::LookupService(const QSqlDatabase&, QObject*): LookupService 已初始化
[2026-06-14 12:25:23.503] [DEBUG] [DB] [0x3d30] ..\..\..\core\database\DatabaseTableManager.cpp:67 - virtual DatabaseTableManager::~DatabaseTableManager(): 数据库连接关闭:"DBMgr_Words_2509d601710_250ff4bba40"
[2026-06-14 12:25:25.434] [INFO] [GEN] [0x4684] ..\..\..\tests\main.cpp:50 - void initAllLogging(): 日志系统初始化完成，所有分类已注册
[2026-06-14 12:25:25.434] [INFO] [GEN] [0x4684] ..\..\..\tests\main.cpp:50 - void initAllLogging(): 日志系统初始化完成，所有分类已注册
[2026-06-14 12:25:25.441] [DEBUG] [DB] [0x4684] ..\..\..\core\database\DatabaseTableManager.cpp:17 - DatabaseTableManager::DatabaseTableManager(const QString&, const QString&, const QString&, QObject*): DatabaseTableManager 构造，表名:"Words"
[2026-06-14 12:25:25.444] [INFO] [DB] [0x4684] ..\..\..\core\database\DatabaseTableManager.cpp:56 - DatabaseTableManager::DatabaseTableManager(const QString&, const QString&, const QString&, QObject*): 数据库连接成功，表名:"Words" 路径:"euwe_words.db"
[2026-06-14 12:25:25.445] [DEBUG] [DB] [0x4684] ..\..\..\core\database\DatabaseTableManager.cpp:128 - bool DatabaseTableManager::createTableIfNotExists(const QString&): 执行DDL成功:"CREATE TABLE IF NOT EXISTS Words (id INTEGER PRIMA"...
[2026-06-14 12:25:25.445] [INFO] [DB] [0x4684] ..\..\..\core\database\WordDatabaseManager.cpp:36 - WordDatabaseManager::WordDatabaseManager(const QString&, const QString&, const QString&, QObject*): Words 表已就绪，表名:"Words"
[2026-06-14 12:25:25.445] [DEBUG] [DB] [0x4684] ..\..\..\core\dictionary\LookupService.cpp:13 - LookupService::LookupService(const QSqlDatabase&, QObject*): LookupService 已初始化
[2026-06-14 12:25:25.805] [DEBUG] [DB] [0x4684] ..\..\..\core\database\DatabaseTableManager.cpp:17 - DatabaseTableManager::DatabaseTableManager(const QString&, const QString&, const QString&, QObject*): DatabaseTableManager 构造，表名:"Words"
[2026-06-14 12:25:25.807] [INFO] [DB] [0x4684] ..\..\..\core\database\DatabaseTableManager.cpp:56 - DatabaseTableManager::DatabaseTableManager(const QString&, const QString&, const QString&, QObject*): 数据库连接成功，表名:"Words" 路径:"euwe_words.db"
[2026-06-14 12:25:25.807] [DEBUG] [DB] [0x4684] ..\..\..\core\database\DatabaseTableManager.cpp:128 - bool DatabaseTableManager::createTableIfNotExists(const QString&): 执行DDL成功:"CREATE TABLE IF NOT EXISTS Words (id INTEGER PRIMA"...
[2026-06-14 12:25:25.807] [INFO] [DB] [0x4684] ..\..\..\core\database\WordDatabaseManager.cpp:36 - WordDatabaseManager::WordDatabaseManager(const QString&, const QString&, const QString&, QObject*): Words 表已就绪，表名:"Words"
[2026-06-14 12:25:25.807] [INFO] [DB] [0x4684] ..\..\..\ui\main\MainController.cpp:68 - void MainController::initBackend(): 熟词库初始化成功
[2026-06-14 12:25:25.807] [DEBUG] [DB] [0x4684] ..\..\..\core\dictionary\LookupService.cpp:13 - LookupService::LookupService(const QSqlDatabase&, QObject*): LookupService 已初始化
[2026-06-14 12:49:23.157] [DEBUG] [DB] [0x4684] ..\..\..\core\database\DatabaseTableManager.cpp:67 - virtual DatabaseTableManager::~DatabaseTableManager(): 数据库连接关闭:"DBMgr_Words_1ee3aad0120_1ee1ca0bb20"
[2026-06-14 12:49:31.299] [INFO] [GEN] [0x2f6c] ..\..\..\tests\main.cpp:50 - void initAllLogging(): 日志系统初始化完成，所有分类已注册
[2026-06-14 12:49:31.299] [INFO] [GEN] [0x2f6c] ..\..\..\tests\main.cpp:50 - void initAllLogging(): 日志系统初始化完成，所有分类已注册
[2026-06-14 12:49:31.308] [DEBUG] [DB] [0x2f6c] ..\..\..\core\database\DatabaseTableManager.cpp:17 - DatabaseTableManager::DatabaseTableManager(const QString&, const QString&, const QString&, QObject*): DatabaseTableManager 构造，表名:"Words"
[2026-06-14 12:49:31.314] [INFO] [DB] [0x2f6c] ..\..\..\core\database\DatabaseTableManager.cpp:56 - DatabaseTableManager::DatabaseTableManager(const QString&, const QString&, const QString&, QObject*): 数据库连接成功，表名:"Words" 路径:"euwe_words.db"
[2026-06-14 12:49:31.314] [DEBUG] [DB] [0x2f6c] ..\..\..\core\database\DatabaseTableManager.cpp:128 - bool DatabaseTableManager::createTableIfNotExists(const QString&): 执行DDL成功:"CREATE TABLE IF NOT EXISTS Words (id INTEGER PRIMA"...
[2026-06-14 12:49:31.314] [INFO] [DB] [0x2f6c] ..\..\..\core\database\WordDatabaseManager.cpp:36 - WordDatabaseManager::WordDatabaseManager(const QString&, const QString&, const QString&, QObject*): Words 表已就绪，表名:"Words"
[2026-06-14 12:49:31.314] [DEBUG] [DB] [0x2f6c] ..\..\..\core\dictionary\LookupService.cpp:13 - LookupService::LookupService(const QSqlDatabase&, QObject*): LookupService 已初始化
[2026-06-14 12:49:31.720] [DEBUG] [DB] [0x2f6c] ..\..\..\core\database\DatabaseTableManager.cpp:17 - DatabaseTableManager::DatabaseTableManager(const QString&, const QString&, const QString&, QObject*): DatabaseTableManager 构造，表名:"Words"
[2026-06-14 12:49:31.721] [INFO] [DB] [0x2f6c] ..\..\..\core\database\DatabaseTableManager.cpp:56 - DatabaseTableManager::DatabaseTableManager(const QString&, const QString&, const QString&, QObject*): 数据库连接成功，表名:"Words" 路径:"euwe_words.db"
[2026-06-14 12:49:31.721] [DEBUG] [DB] [0x2f6c] ..\..\..\core\database\DatabaseTableManager.cpp:128 - bool DatabaseTableManager::createTableIfNotExists(const QString&): 执行DDL成功:"CREATE TABLE IF NOT EXISTS Words (id INTEGER PRIMA"...
[2026-06-14 12:49:31.721] [INFO] [DB] [0x2f6c] ..\..\..\core\database\WordDatabaseManager.cpp:36 - WordDatabaseManager::WordDatabaseManager(const QString&, const QString&, const QString&, QObject*): Words 表已就绪，表名:"Words"
[2026-06-14 12:49:31.721] [INFO] [DB] [0x2f6c] ..\..\..\ui\main\MainController.cpp:68 - void MainController::initBackend(): 熟词库初始化成功
[2026-06-14 12:49:31.721] [DEBUG] [DB] [0x2f6c] ..\..\..\core\dictionary\LookupService.cpp:13 - LookupService::LookupService(const QSqlDatabase&, QObject*): LookupService 已初始化
[2026-06-14 12:49:31.856] [FATAL] [GEN] [0x2f6c] ..\..\..\tests\main.cpp:66 - qMain(int, char**)::<lambda()>: QML对象创建失败
[2026-06-14 12:49:31.856] [FATAL] [GEN] [0x2f6c] ..\..\..\tests\main.cpp:66 - qMain(int, char**)::<lambda()>: QML对象创建失败
[2026-06-14 12:56:50.754] [DEBUG] [DB] [0x2f6c] ..\..\..\core\database\DatabaseTableManager.cpp:67 - virtual DatabaseTableManager::~DatabaseTableManager(): 数据库连接关闭:"DBMgr_Words_1fa2969eda0_1fa0b5dbb40"
[2026-06-14 12:56:52.707] [INFO] [GEN] [0x556c] ..\..\..\tests\main.cpp:50 - void initAllLogging(): 日志系统初始化完成，所有分类已注册
[2026-06-14 12:56:52.707] [INFO] [GEN] [0x556c] ..\..\..\tests\main.cpp:50 - void initAllLogging(): 日志系统初始化完成，所有分类已注册
[2026-06-14 12:56:52.715] [DEBUG] [DB] [0x556c] ..\..\..\core\database\DatabaseTableManager.cpp:17 - DatabaseTableManager::DatabaseTableManager(const QString&, const QString&, const QString&, QObject*): DatabaseTableManager 构造，表名:"Words"
[2026-06-14 12:56:52.719] [INFO] [DB] [0x556c] ..\..\..\core\database\DatabaseTableManager.cpp:56 - DatabaseTableManager::DatabaseTableManager(const QString&, const QString&, const QString&, QObject*): 数据库连接成功，表名:"Words" 路径:"euwe_words.db"
[2026-06-14 12:56:52.720] [DEBUG] [DB] [0x556c] ..\..\..\core\database\DatabaseTableManager.cpp:128 - bool DatabaseTableManager::createTableIfNotExists(const QString&): 执行DDL成功:"CREATE TABLE IF NOT EXISTS Words (id INTEGER PRIMA"...
[2026-06-14 12:56:52.720] [INFO] [DB] [0x556c] ..\..\..\core\database\WordDatabaseManager.cpp:36 - WordDatabaseManager::WordDatabaseManager(const QString&, const QString&, const QString&, QObject*): Words 表已就绪，表名:"Words"
[2026-06-14 12:56:52.721] [DEBUG] [DB] [0x556c] ..\..\..\core\dictionary\LookupService.cpp:13 - LookupService::LookupService(const QSqlDatabase&, QObject*): LookupService 已初始化
[2026-06-14 12:56:53.111] [DEBUG] [DB] [0x556c] ..\..\..\core\database\DatabaseTableManager.cpp:17 - DatabaseTableManager::DatabaseTableManager(const QString&, const QString&, const QString&, QObject*): DatabaseTableManager 构造，表名:"Words"
[2026-06-14 12:56:53.112] [INFO] [DB] [0x556c] ..\..\..\core\database\DatabaseTableManager.cpp:56 - DatabaseTableManager::DatabaseTableManager(const QString&, const QString&, const QString&, QObject*): 数据库连接成功，表名:"Words" 路径:"euwe_words.db"
[2026-06-14 12:56:53.113] [DEBUG] [DB] [0x556c] ..\..\..\core\database\DatabaseTableManager.cpp:128 - bool DatabaseTableManager::createTableIfNotExists(const QString&): 执行DDL成功:"CREATE TABLE IF NOT EXISTS Words (id INTEGER PRIMA"...
[2026-06-14 12:56:53.113] [INFO] [DB] [0x556c] ..\..\..\core\database\WordDatabaseManager.cpp:36 - WordDatabaseManager::WordDatabaseManager(const QString&, const QString&, const QString&, QObject*): Words 表已就绪，表名:"Words"
[2026-06-14 12:56:53.113] [INFO] [DB] [0x556c] ..\..\..\ui\main\MainController.cpp:68 - void MainController::initBackend(): 熟词库初始化成功
[2026-06-14 12:56:53.113] [DEBUG] [DB] [0x556c] ..\..\..\core\dictionary\LookupService.cpp:13 - LookupService::LookupService(const QSqlDatabase&, QObject*): LookupService 已初始化
[2026-06-14 12:56:53.240] [FATAL] [GEN] [0x556c] ..\..\..\tests\main.cpp:66 - qMain(int, char**)::<lambda()>: QML对象创建失败
[2026-06-14 12:56:53.240] [FATAL] [GEN] [0x556c] ..\..\..\tests\main.cpp:66 - qMain(int, char**)::<lambda()>: QML对象创建失败
[2026-06-14 12:58:56.598] [DEBUG] [DB] [0x556c] ..\..\..\core\database\DatabaseTableManager.cpp:67 - virtual DatabaseTableManager::~DatabaseTableManager(): 数据库连接关闭:"DBMgr_Words_2770ec0ffe0_27770b1bba0"
[2026-06-14 12:59:10.826] [INFO] [GEN] [0x5c04] ..\..\..\tests\main.cpp:47 - void initAllLogging(): 日志系统初始化完成，所有分类已注册
[2026-06-14 12:59:10.826] [INFO] [GEN] [0x5c04] ..\..\..\tests\main.cpp:47 - void initAllLogging(): 日志系统初始化完成，所有分类已注册
[2026-06-14 12:59:10.833] [DEBUG] [DB] [0x5c04] ..\..\..\core\database\DatabaseTableManager.cpp:17 - DatabaseTableManager::DatabaseTableManager(const QString&, const QString&, const QString&, QObject*): DatabaseTableManager 构造，表名:"Words"
[2026-06-14 12:59:10.837] [INFO] [DB] [0x5c04] ..\..\..\core\database\DatabaseTableManager.cpp:56 - DatabaseTableManager::DatabaseTableManager(const QString&, const QString&, const QString&, QObject*): 数据库连接成功，表名:"Words" 路径:"euwe_words.db"
[2026-06-14 12:59:10.837] [DEBUG] [DB] [0x5c04] ..\..\..\core\database\DatabaseTableManager.cpp:128 - bool DatabaseTableManager::createTableIfNotExists(const QString&): 执行DDL成功:"CREATE TABLE IF NOT EXISTS Words (id INTEGER PRIMA"...
[2026-06-14 12:59:10.838] [INFO] [DB] [0x5c04] ..\..\..\core\database\WordDatabaseManager.cpp:36 - WordDatabaseManager::WordDatabaseManager(const QString&, const QString&, const QString&, QObject*): Words 表已就绪，表名:"Words"
[2026-06-14 12:59:10.838] [DEBUG] [DB] [0x5c04] ..\..\..\core\dictionary\LookupService.cpp:13 - LookupService::LookupService(const QSqlDatabase&, QObject*): LookupService 已初始化
[2026-06-14 12:59:11.185] [DEBUG] [DB] [0x5c04] ..\..\..\core\database\DatabaseTableManager.cpp:17 - DatabaseTableManager::DatabaseTableManager(const QString&, const QString&, const QString&, QObject*): DatabaseTableManager 构造，表名:"Words"
[2026-06-14 12:59:11.185] [INFO] [DB] [0x5c04] ..\..\..\core\database\DatabaseTableManager.cpp:56 - DatabaseTableManager::DatabaseTableManager(const QString&, const QString&, const QString&, QObject*): 数据库连接成功，表名:"Words" 路径:"euwe_words.db"
[2026-06-14 12:59:11.185] [DEBUG] [DB] [0x5c04] ..\..\..\core\database\DatabaseTableManager.cpp:128 - bool DatabaseTableManager::createTableIfNotExists(const QString&): 执行DDL成功:"CREATE TABLE IF NOT EXISTS Words (id INTEGER PRIMA"...
[2026-06-14 12:59:11.185] [INFO] [DB] [0x5c04] ..\..\..\core\database\WordDatabaseManager.cpp:36 - WordDatabaseManager::WordDatabaseManager(const QString&, const QString&, const QString&, QObject*): Words 表已就绪，表名:"Words"
[2026-06-14 12:59:11.186] [INFO] [DB] [0x5c04] ..\..\..\ui\main\MainController.cpp:68 - void MainController::initBackend(): 熟词库初始化成功
[2026-06-14 12:59:11.186] [DEBUG] [DB] [0x5c04] ..\..\..\core\dictionary\LookupService.cpp:13 - LookupService::LookupService(const QSqlDatabase&, QObject*): LookupService 已初始化
[2026-06-14 12:59:11.306] [FATAL] [GEN] [0x5c04] ..\..\..\tests\main.cpp:62 - qMain(int, char**)::<lambda()>: QML对象创建失败
[2026-06-14 12:59:11.306] [FATAL] [GEN] [0x5c04] ..\..\..\tests\main.cpp:62 - qMain(int, char**)::<lambda()>: QML对象创建失败
[2026-06-14 12:59:49.986] [DEBUG] [DB] [0x5c04] ..\..\..\core\database\DatabaseTableManager.cpp:67 - virtual DatabaseTableManager::~DatabaseTableManager(): 数据库连接关闭:"DBMgr_Words_1b79b1f9b60_1b7fd0bbb20"
n.cpp:47 - void initAllLogging(): 日志系统初始化完成，所有分类已注册
[2026-06-14 12:59:41.450] [DEBUG] [DB] [0x88c] ..\..\..\core\database\DatabaseTableManager.cpp:17 - DatabaseTableManager::DatabaseTableManager(const QString&, const QString&, const QString&, QObject*): DatabaseTableManager 构造，表名:"Words"
[2026-06-14 12:59:41.453] [INFO] [DB] [0x88c] ..\..\..\core\database\DatabaseTableManager.cpp:56 - DatabaseTableManager::DatabaseTableManager(const QString&, const QString&, const QString&, QObject*): 数据库连接成功，表名:"Words" 路径:"euwe_words.db"
[2026-06-14 12:59:41.453] [DEBUG] [DB] [0x88c] ..\..\..\core\database\DatabaseTableManager.cpp:128 - bool DatabaseTableManager::createTableIfNotExists(const QString&): 执行DDL成功:"CREATE TABLE IF NOT EXISTS Words (id INTEGER PRIMA"...
[2026-06-14 12:59:41.454] [INFO] [DB] [0x88c] ..\..\..\core\database\WordDatabaseManager.cpp:36 - WordDatabaseManager::WordDatabaseManager(const QString&, const QString&, const QString&, QObject*): Words 表已就绪，表名:"Words"
[2026-06-14 12:59:41.454] [DEBUG] [DB] [0x88c] ..\..\..\core\dictionary\LookupService.cpp:13 - LookupService::LookupService(const QSqlDatabase&, QObject*): LookupService 已初始化
[2026-06-14 12:59:41.807] [DEBUG] [DB] [0x88c] ..\..\..\core\database\DatabaseTableManager.cpp:17 - DatabaseTableManager::DatabaseTableManager(const QString&, const QString&, const QString&, QObject*): DatabaseTableManager 构造，表名:"Words"
[2026-06-14 12:59:41.809] [INFO] [DB] [0x88c] ..\..\..\core\database\DatabaseTableManager.cpp:56 - DatabaseTableManager::DatabaseTableManager(const QString&, const QString&, const QString&, QObject*): 数据库连接成功，表名:"Words" 路径:"euwe_words.db"
[2026-06-14 12:59:41.809] [DEBUG] [DB] [0x88c] ..\..\..\core\database\DatabaseTableManager.cpp:128 - bool DatabaseTableManager::createTableIfNotExists(const QString&): 执行DDL成功:"CREATE TABLE IF NOT EXISTS Words (id INTEGER PRIMA"...
[2026-06-14 12:59:41.809] [INFO] [DB] [0x88c] ..\..\..\core\database\WordDatabaseManager.cpp:36 - WordDatabaseManager::WordDatabaseManager(const QString&, const QString&, const QString&, QObject*): Words 表已就绪，表名:"Words"
[2026-06-14 12:59:41.809] [INFO] [DB] [0x88c] ..\..\..\ui\main\MainController.cpp:68 - void MainController::initBackend(): 熟词库初始化成功
[2026-06-14 12:59:41.809] [DEBUG] [DB] [0x88c] ..\..\..\core\dictionary\LookupService.cpp:13 - LookupService::LookupService(const QSqlDatabase&, QObject*): LookupService 已初始化
[2026-06-14 12:59:41.941] [FATAL] [GEN] [0x88c] ..\..\..\tests\main.cpp:62 - qMain(int, char**)::<lambda()>: QML对象创建失败
[2026-06-14 12:59:41.941] [FATAL] [GEN] [0x88c] ..\..\..\tests\main.cpp:62 - qMain(int, char**)::<lambda()>: QML对象创建失败
[2026-06-14 12:59:43.152] [DEBUG] [DB] [0x88c] ..\..\..\core\database\DatabaseTableManager.cpp:67 - virtual DatabaseTableManager::~DatabaseTableManager(): 数据库连接关闭:"DBMgr_Words_253c8908c40_253aa8bb9c0"
[2026-06-14 13:00:37.130] [INFO] [GEN] [0x500] ..\..\..\tests\main.cpp:47 - void initAllLogging(): 日志系统初始化完成，所有分类已注册
[2026-06-14 13:00:37.130] [INFO] [GEN] [0x500] ..\..\..\tests\main.cpp:47 - void initAllLogging(): 日志系统初始化完成，所有分类已注册
[2026-06-14 13:00:37.138] [DEBUG] [DB] [0x500] ..\..\..\core\database\DatabaseTableManager.cpp:17 - DatabaseTableManager::DatabaseTableManager(const QString&, const QString&, const QString&, QObject*): DatabaseTableManager 构造，表名:"Words"
[2026-06-14 13:00:37.142] [INFO] [DB] [0x500] ..\..\..\core\database\DatabaseTableManager.cpp:56 - DatabaseTableManager::DatabaseTableManager(const QString&, const QString&, const QString&, QObject*): 数据库连接成功，表名:"Words" 路径:"euwe_words.db"
[2026-06-14 13:00:37.143] [DEBUG] [DB] [0x500] ..\..\..\core\database\DatabaseTableManager.cpp:128 - bool DatabaseTableManager::createTableIfNotExists(const QString&): 执行DDL成功:"CREATE TABLE IF NOT EXISTS Words (id INTEGER PRIMA"...
[2026-06-14 13:00:37.143] [INFO] [DB] [0x500] ..\..\..\core\database\WordDatabaseManager.cpp:36 - WordDatabaseManager::WordDatabaseManager(const QString&, const QString&, const QString&, QObject*): Words 表已就绪，表名:"Words"
[2026-06-14 13:00:37.143] [DEBUG] [DB] [0x500] ..\..\..\core\dictionary\LookupService.cpp:13 - LookupService::LookupService(const QSqlDatabase&, QObject*): LookupService 已初始化
[2026-06-14 13:00:37.496] [DEBUG] [DB] [0x500] ..\..\..\core\database\DatabaseTableManager.cpp:17 - DatabaseTableManager::DatabaseTableManager(const QString&, const QString&, const QString&, QObject*): DatabaseTableManager 构造，表名:"Words"
[2026-06-14 13:00:37.497] [INFO] [DB] [0x500] ..\..\..\core\database\DatabaseTableManager.cpp:56 - DatabaseTableManager::DatabaseTableManager(const QString&, const QString&, const QString&, QObject*): 数据库连接成功，表名:"Words" 路径:"euwe_words.db"
[2026-06-14 13:00:37.497] [DEBUG] [DB] [0x500] ..\..\..\core\database\DatabaseTableManager.cpp:128 - bool DatabaseTableManager::createTableIfNotExists(const QString&): 执行DDL成功:"CREATE TABLE IF NOT EXISTS Words (id INTEGER PRIMA"...
[2026-06-14 13:00:37.497] [INFO] [DB] [0x500] ..\..\..\core\database\WordDatabaseManager.cpp:36 - WordDatabaseManager::WordDatabaseManager(const QString&, const QString&, const QString&, QObject*): Words 表已就绪，表名:"Words"
[2026-06-14 13:00:37.497] [INFO] [DB] [0x500] ..\..\..\ui\main\MainController.cpp:68 - void MainController::initBackend(): 熟词库初始化成功
[2026-06-14 13:00:37.497] [DEBUG] [DB] [0x500] ..\..\..\core\dictionary\LookupService.cpp:13 - LookupService::LookupService(const QSqlDatabase&, QObject*): LookupService 已初始化
[2026-06-14 13:00:37.615] [FATAL] [GEN] [0x500] ..\..\..\tests\main.cpp:62 - qMain(int, char**)::<lambda()>: QML对象创建失败
[2026-06-14 13:00:37.615] [FATAL] [GEN] [0x500] ..\..\..\tests\main.cpp:62 - qMain(int, char**)::<lambda()>: QML对象创建失败
[2026-06-14 13:00:43.581] [DEBUG] [DB] [0x500] ..\..\..\core\database\DatabaseTableManager.cpp:67 - virtual DatabaseTableManager::~DatabaseTableManager(): 数据库连接关闭:"DBMgr_Words_1d3ff045480_1d3e113bce0"
[2026-06-14 13:01:11.918] [INFO] [GEN] [0x25a8] ..\..\..\tests\main.cpp:47 - void initAllLogging(): 日志系统初始化完成，所有分类已注册
[2026-06-14 13:01:11.918] [INFO] [GEN] [0x25a8] ..\..\..\tests\main.cpp:47 - void initAllLogging(): 日志系统初始化完成，所有分类已注册
[2026-06-14 13:01:11.924] [DEBUG] [DB] [0x25a8] ..\..\..\core\database\DatabaseTableManager.cpp:17 - DatabaseTableManager::DatabaseTableManager(const QString&, const QString&, const QString&, QObject*): DatabaseTableManager 构造，表名:"Words"
[2026-06-14 13:01:11.928] [INFO] [DB] [0x25a8] ..\..\..\core\database\DatabaseTableManager.cpp:56 - DatabaseTableManager::DatabaseTableManager(const QString&, const QString&, const QString&, QObject*): 数据库连接成功，表名:"Words" 路径:"euwe_words.db"
[2026-06-14 13:01:11.928] [DEBUG] [DB] [0x25a8] ..\..\..\core\database\DatabaseTableManager.cpp:128 - bool DatabaseTableManager::createTableIfNotExists(const QString&): 执行DDL成功:"CREATE TABLE IF NOT EXISTS Words (id INTEGER PRIMA"...
[2026-06-14 13:01:11.928] [INFO] [DB] [0x25a8] ..\..\..\core\database\WordDatabaseManager.cpp:36 - WordDatabaseManager::WordDatabaseManager(const QString&, const QString&, const QString&, QObject*): Words 表已就绪，表名:"Words"
[2026-06-14 13:01:11.929] [DEBUG] [DB] [0x25a8] ..\..\..\core\dictionary\LookupService.cpp:13 - LookupService::LookupService(const QSqlDatabase&, QObject*): LookupService 已初始化
[2026-06-14 13:01:12.268] [DEBUG] [DB] [0x25a8] ..\..\..\core\database\DatabaseTableManager.cpp:17 - DatabaseTableManager::DatabaseTableManager(const QString&, const QString&, const QString&, QObject*): DatabaseTableManager 构造，表名:"Words"
[2026-06-14 13:01:12.269] [INFO] [DB] [0x25a8] ..\..\..\core\database\DatabaseTableManager.cpp:56 - DatabaseTableManager::DatabaseTableManager(const QString&, const QString&, const QString&, QObject*): 数据库连接成功，表名:"Words" 路径:"euwe_words.db"
[2026-06-14 13:01:12.269] [DEBUG] [DB] [0x25a8] ..\..\..\core\database\DatabaseTableManager.cpp:128 - bool DatabaseTableManager::createTableIfNotExists(const QString&): 执行DDL成功:"CREATE TABLE IF NOT EXISTS Words (id INTEGER PRIMA"...
[2026-06-14 13:01:12.269] [INFO] [DB] [0x25a8] ..\..\..\core\database\WordDatabaseManager.cpp:36 - WordDatabaseManager::WordDatabaseManager(const QString&, const QString&, const QString&, QObject*): Words 表已就绪，表名:"Words"
[2026-06-14 13:01:12.269] [INFO] [DB] [0x25a8] ..\..\..\ui\main\MainController.cpp:68 - void MainController::initBackend(): 熟词库初始化成功
[2026-06-14 13:01:12.269] [DEBUG] [DB] [0x25a8] ..\..\..\core\dictionary\LookupService.cpp:13 - LookupService::LookupService(const QSqlDatabase&, QObject*): LookupService 已初始化
[2026-06-14 13:01:12.386] [FATAL] [GEN] [0x25a8] ..\..\..\tests\main.cpp:62 - qMain(int, char**)::<lambda()>: QML对象创建失败
[2026-06-14 13:01:12.386] [FATAL] [GEN] [0x25a8] ..\..\..\tests\main.cpp:62 - qMain(int, char**)::<lambda()>: QML对象创建失败
[2026-06-14 13:02:28.960] [DEBUG] [DB] [0x25a8] ..\..\..\core\database\DatabaseTableManager.cpp:67 - virtual DatabaseTableManager::~DatabaseTableManager(): 数据库连接关闭:"DBMgr_Words_1b630d1a5e0_1b612d2b9c0"
[2026-06-14 13:06:01.587] [INFO] [GEN] [0x5824] ..\..\..\tests\main.cpp:47 - void initAllLogging(): 日志系统初始化完成，所有分类已注册
[2026-06-14 13:06:01.587] [INFO] [GEN] [0x5824] ..\..\..\tests\main.cpp:47 - void initAllLogging(): 日志系统初始化完成，所有分类已注册
[2026-06-14 13:06:01.597] [DEBUG] [DB] [0x5824] ..\..\..\core\database\DatabaseTableManager.cpp:17 - DatabaseTableManager::DatabaseTableManager(const QString&, const QString&, const QString&, QObject*): DatabaseTableManager 构造，表名:"Words"
[2026-06-14 13:06:01.605] [INFO] [DB] [0x5824] ..\..\..\core\database\DatabaseTableManager.cpp:56 - DatabaseTableManager::DatabaseTableManager(const QString&, const QString&, const QString&, QObject*): 数据库连接成功，表名:"Words" 路径:"euwe_words.db"
[2026-06-14 13:06:01.605] [DEBUG] [DB] [0x5824] ..\..\..\core\database\DatabaseTableManager.cpp:128 - bool DatabaseTableManager::createTableIfNotExists(const QString&): 执行DDL成功:"CREATE TABLE IF NOT EXISTS Words (id INTEGER PRIMA"...
[2026-06-14 13:06:01.606] [INFO] [DB] [0x5824] ..\..\..\core\database\WordDatabaseManager.cpp:36 - WordDatabaseManager::WordDatabaseManager(const QString&, const QString&, const QString&, QObject*): Words 表已就绪，表名:"Words"
[2026-06-14 13:06:01.607] [DEBUG] [DB] [0x5824] ..\..\..\core\dictionary\LookupService.cpp:13 - LookupService::LookupService(const QSqlDatabase&, QObject*): LookupService 已初始化
[2026-06-14 13:06:02.747] [DEBUG] [DB] [0x5824] ..\..\..\core\database\DatabaseTableManager.cpp:17 - DatabaseTableManager::DatabaseTableManager(const QString&, const QString&, const QString&, QObject*): DatabaseTableManager 构造，表名:"Words"
[2026-06-14 13:06:02.750] [INFO] [DB] [0x5824] ..\..\..\core\database\DatabaseTableManager.cpp:56 - DatabaseTableManager::DatabaseTableManager(const QString&, const QString&, const QString&, QObject*): 数据库连接成功，表名:"Words" 路径:"euwe_words.db"
[2026-06-14 13:06:02.751] [DEBUG] [DB] [0x5824] ..\..\..\core\database\DatabaseTableManager.cpp:128 - bool DatabaseTableManager::createTableIfNotExists(const QString&): 执行DDL成功:"CREATE TABLE IF NOT EXISTS Words (id INTEGER PRIMA"...
[2026-06-14 13:06:02.752] [INFO] [DB] [0x5824] ..\..\..\core\database\WordDatabaseManager.cpp:36 - WordDatabaseManager::WordDatabaseManager(const QString&, const QString&, const QString&, QObject*): Words 表已就绪，表名:"Words"
[2026-06-14 13:06:02.753] [INFO] [DB] [0x5824] ..\..\..\ui\main\MainController.cpp:68 - void MainController::initBackend(): 熟词库初始化成功
[2026-06-14 13:06:02.753] [DEBUG] [DB] [0x5824] ..\..\..\core\dictionary\LookupService.cpp:13 - LookupService::LookupService(const QSqlDatabase&, QObject*): LookupService 已初始化
[2026-06-14 13:06:03.055] [FATAL] [GEN] [0x5824] ..\..\..\tests\main.cpp:62 - qMain(int, char**)::<lambda()>: QML对象创建失败
[2026-06-14 13:06:03.055] [FATAL] [GEN] [0x5824] ..\..\..\tests\main.cpp:62 - qMain(int, char**)::<lambda()>: QML对象创建失败
[2026-06-14 13:08:20.985] [INFO] [GEN] [0x56dc] ..\..\..\tests\main.cpp:47 - void initAllLogging(): 日志系统初始化完成，所有分类已注册
[2026-06-14 13:08:20.985] [INFO] [GEN] [0x56dc] ..\..\..\tests\main.cpp:47 - void initAllLogging(): 日志系统初始化完成，所有分类已注册
[2026-06-14 13:08:20.991] [DEBUG] [DB] [0x56dc] ..\..\..\core\database\DatabaseTableManager.cpp:17 - DatabaseTableManager::DatabaseTableManager(const QString&, const QString&, const QString&, QObject*): DatabaseTableManager 构造，表名:"Words"
[2026-06-14 13:08:20.996] [INFO] [DB] [0x56dc] ..\..\..\core\database\DatabaseTableManager.cpp:56 - DatabaseTableManager::DatabaseTableManager(const QString&, const QString&, const QString&, QObject*): 数据库连接成功，表名:"Words" 路径:"euwe_words.db"
[2026-06-14 13:08:20.996] [DEBUG] [DB] [0x56dc] ..\..\..\core\database\DatabaseTableManager.cpp:128 - bool DatabaseTableManager::createTableIfNotExists(const QString&): 执行DDL成功:"CREATE TABLE IF NOT EXISTS Words (id INTEGER PRIMA"...
[2026-06-14 13:08:20.997] [INFO] [DB] [0x56dc] ..\..\..\core\database\WordDatabaseManager.cpp:36 - WordDatabaseManager::WordDatabaseManager(const QString&, const QString&, const QString&, QObject*): Words 表已就绪，表名:"Words"
[2026-06-14 13:08:20.997] [DEBUG] [DB] [0x56dc] ..\..\..\core\dictionary\LookupService.cpp:13 - LookupService::LookupService(const QSqlDatabase&, QObject*): LookupService 已初始化
[2026-06-14 13:08:21.313] [DEBUG] [DB] [0x56dc] ..\..\..\core\database\DatabaseTableManager.cpp:17 - DatabaseTableManager::DatabaseTableManager(const QString&, const QString&, const QString&, QObject*): DatabaseTableManager 构造，表名:"Words"
[2026-06-14 13:08:21.314] [INFO] [DB] [0x56dc] ..\..\..\core\database\DatabaseTableManager.cpp:56 - DatabaseTableManager::DatabaseTableManager(const QString&, const QString&, const QString&, QObject*): 数据库连接成功，表名:"Words" 路径:"euwe_words.db"
[2026-06-14 13:08:21.314] [DEBUG] [DB] [0x56dc] ..\..\..\core\database\DatabaseTableManager.cpp:128 - bool DatabaseTableManager::createTableIfNotExists(const QString&): 执行DDL成功:"CREATE TABLE IF NOT EXISTS Words (id INTEGER PRIMA"...
[2026-06-14 13:08:21.314] [INFO] [DB] [0x56dc] ..\..\..\core\database\WordDatabaseManager.cpp:36 - WordDatabaseManager::WordDatabaseManager(const QString&, const QString&, const QString&, QObject*): Words 表已就绪，表名:"Words"
[2026-06-14 13:08:21.314] [INFO] [DB] [0x56dc] ..\..\..\ui\main\MainController.cpp:68 - void MainController::initBackend(): 熟词库初始化成功
[2026-06-14 13:08:21.315] [DEBUG] [DB] [0x56dc] ..\..\..\core\dictionary\LookupService.cpp:13 - LookupService::LookupService(const QSqlDatabase&, QObject*): LookupService 已初始化
[2026-06-14 13:08:21.428] [FATAL] [GEN] [0x56dc] ..\..\..\tests\main.cpp:62 - qMain(int, char**)::<lambda()>: QML对象创建失败
[2026-06-14 13:08:21.428] [FATAL] [GEN] [0x56dc] ..\..\..\tests\main.cpp:62 - qMain(int, char**)::<lambda()>: QML对象创建失败
[2026-06-14 13:11:45.971] [DEBUG] [DB] [0x56dc] ..\..\..\core\database\DatabaseTableManager.cpp:67 - virtual DatabaseTableManager::~DatabaseTableManager(): 数据库连接关闭:"DBMgr_Words_22bd7751780_22bb97bbba0"
[2026-06-14 13:11:47.904] [INFO] [GEN] [0x1954] ..\..\..\tests\main.cpp:47 - void initAllLogging(): 日志系统初始化完成，所有分类已注册
[2026-06-14 13:11:47.904] [INFO] [GEN] [0x1954] ..\..\..\tests\main.cpp:47 - void initAllLogging(): 日志系统初始化完成，所有分类已注册
[2026-06-14 13:11:47.911] [DEBUG] [DB] [0x1954] ..\..\..\core\database\DatabaseTableManager.cpp:17 - DatabaseTableManager::DatabaseTableManager(const QString&, const QString&, const QString&, QObject*): DatabaseTableManager 构造，表名:"Words"
[2026-06-14 13:11:47.915] [INFO] [DB] [0x1954] ..\..\..\core\database\DatabaseTableManager.cpp:56 - DatabaseTableManager::DatabaseTableManager(const QString&, const QString&, const QString&, QObject*): 数据库连接成功，表名:"Words" 路径:"euwe_words.db"
[2026-06-14 13:11:47.915] [DEBUG] [DB] [0x1954] ..\..\..\core\database\DatabaseTableManager.cpp:128 - bool DatabaseTableManager::createTableIfNotExists(const QString&): 执行DDL成功:"CREATE TABLE IF NOT EXISTS Words (id INTEGER PRIMA"...
[2026-06-14 13:11:47.916] [INFO] [DB] [0x1954] ..\..\..\core\database\WordDatabaseManager.cpp:36 - WordDatabaseManager::WordDatabaseManager(const QString&, const QString&, const QString&, QObject*): Words 表已就绪，表名:"Words"
[2026-06-14 13:11:47.916] [DEBUG] [DB] [0x1954] ..\..\..\core\dictionary\LookupService.cpp:13 - LookupService::LookupService(const QSqlDatabase&, QObject*): LookupService 已初始化
[2026-06-14 13:11:48.267] [DEBUG] [DB] [0x1954] ..\..\..\core\database\DatabaseTableManager.cpp:17 - DatabaseTableManager::DatabaseTableManager(const QString&, const QString&, const QString&, QObject*): DatabaseTableManager 构造，表名:"Words"
[2026-06-14 13:11:48.267] [INFO] [DB] [0x1954] ..\..\..\core\database\DatabaseTableManager.cpp:56 - DatabaseTableManager::DatabaseTableManager(const QString&, const QString&, const QString&, QObject*): 数据库连接成功，表名:"Words" 路径:"euwe_words.db"
[2026-06-14 13:11:48.268] [DEBUG] [DB] [0x1954] ..\..\..\core\database\DatabaseTableManager.cpp:128 - bool DatabaseTableManager::createTableIfNotExists(const QString&): 执行DDL成功:"CREATE TABLE IF NOT EXISTS Words (id INTEGER PRIMA"...
[2026-06-14 13:11:48.268] [INFO] [DB] [0x1954] ..\..\..\core\database\WordDatabaseManager.cpp:36 - WordDatabaseManager::WordDatabaseManager(const QString&, const QString&, const QString&, QObject*): Words 表已就绪，表名:"Words"
[2026-06-14 13:11:48.268] [INFO] [DB] [0x1954] ..\..\..\ui\main\MainController.cpp:68 - void MainController::initBackend(): 熟词库初始化成功
[2026-06-14 13:11:48.268] [DEBUG] [DB] [0x1954] ..\..\..\core\dictionary\LookupService.cpp:13 - LookupService::LookupService(const QSqlDatabase&, QObject*): LookupService 已初始化
[2026-06-14 13:40:29.095] [DEBUG] [DB] [0x1954] ..\..\..\core\database\DatabaseTableManager.cpp:67 - virtual DatabaseTableManager::~DatabaseTableManager(): 数据库连接关闭:"DBMgr_Words_1a29131b8d0_1a2f311bc00"
[2026-06-14 13:40:44.089] [INFO] [GEN] [0x2df0] ..\..\..\tests\main.cpp:47 - void initAllLogging(): 日志系统初始化完成，所有分类已注册
[2026-06-14 13:40:44.089] [INFO] [GEN] [0x2df0] ..\..\..\tests\main.cpp:47 - void initAllLogging(): 日志系统初始化完成，所有分类已注册
[2026-06-14 13:40:44.095] [DEBUG] [DB] [0x2df0] ..\..\..\core\database\DatabaseTableManager.cpp:17 - DatabaseTableManager::DatabaseTableManager(const QString&, const QString&, const QString&, QObject*): DatabaseTableManager 构造，表名:"Words"
[2026-06-14 13:40:44.099] [INFO] [DB] [0x2df0] ..\..\..\core\database\DatabaseTableManager.cpp:56 - DatabaseTableManager::DatabaseTableManager(const QString&, const QString&, const QString&, QObject*): 数据库连接成功，表名:"Words" 路径:"euwe_words.db"
[2026-06-14 13:40:44.100] [DEBUG] [DB] [0x2df0] ..\..\..\core\database\DatabaseTableManager.cpp:128 - bool DatabaseTableManager::createTableIfNotExists(const QString&): 执行DDL成功:"CREATE TABLE IF NOT EXISTS Words (id INTEGER PRIMA"...
[2026-06-14 13:40:44.100] [INFO] [DB] [0x2df0] ..\..\..\core\database\WordDatabaseManager.cpp:36 - WordDatabaseManager::WordDatabaseManager(const QString&, const QString&, const QString&, QObject*): Words 表已就绪，表名:"Words"
[2026-06-14 13:40:44.100] [DEBUG] [DB] [0x2df0] ..\..\..\core\dictionary\LookupService.cpp:13 - LookupService::LookupService(const QSqlDatabase&, QObject*): LookupService 已初始化
[2026-06-14 13:40:44.431] [DEBUG] [DB] [0x2df0] ..\..\..\core\database\DatabaseTableManager.cpp:17 - DatabaseTableManager::DatabaseTableManager(const QString&, const QString&, const QString&, QObject*): DatabaseTableManager 构造，表名:"Words"
[2026-06-14 13:40:44.432] [INFO] [DB] [0x2df0] ..\..\..\core\database\DatabaseTableManager.cpp:56 - DatabaseTableManager::DatabaseTableManager(const QString&, const QString&, const QString&, QObject*): 数据库连接成功，表名:"Words" 路径:"euwe_words.db"
[2026-06-14 13:40:44.432] [DEBUG] [DB] [0x2df0] ..\..\..\core\database\DatabaseTableManager.cpp:128 - bool DatabaseTableManager::createTableIfNotExists(const QString&): 执行DDL成功:"CREATE TABLE IF NOT EXISTS Words (id INTEGER PRIMA"...
[2026-06-14 13:40:44.433] [INFO] [DB] [0x2df0] ..\..\..\core\database\WordDatabaseManager.cpp:36 - WordDatabaseManager::WordDatabaseManager(const QString&, const QString&, const QString&, QObject*): Words 表已就绪，表名:"Words"
[2026-06-14 13:40:44.433] [INFO] [DB] [0x2df0] ..\..\..\ui\main\MainController.cpp:68 - void MainController::initBackend(): 熟词库初始化成功
[2026-06-14 13:40:44.433] [DEBUG] [DB] [0x2df0] ..\..\..\core\dictionary\LookupService.cpp:13 - LookupService::LookupService(const QSqlDatabase&, QObject*): LookupService 已初始化
[2026-06-14 13:46:05.260] [DEBUG] [DB] [0x2df0] ..\..\..\core\database\DatabaseTableManager.cpp:67 - virtual DatabaseTableManager::~DatabaseTableManager(): 数据库连接关闭:"DBMgr_Words_23cda2ffb90_23cbc29ba00"
[2026-06-14 13:46:07.188] [INFO] [GEN] [0x5cd4] ..\..\..\tests\main.cpp:47 - void initAllLogging(): 日志系统初始化完成，所有分类已注册
[2026-06-14 13:46:07.188] [INFO] [GEN] [0x5cd4] ..\..\..\tests\main.cpp:47 - void initAllLogging(): 日志系统初始化完成，所有分类已注册
[2026-06-14 13:46:07.195] [DEBUG] [DB] [0x5cd4] ..\..\..\core\database\DatabaseTableManager.cpp:17 - DatabaseTableManager::DatabaseTableManager(const QString&, const QString&, const QString&, QObject*): DatabaseTableManager 构造，表名:"Words"
[2026-06-14 13:46:07.198] [INFO] [DB] [0x5cd4] ..\..\..\core\database\DatabaseTableManager.cpp:56 - DatabaseTableManager::DatabaseTableManager(const QString&, const QString&, const QString&, QObject*): 数据库连接成功，表名:"Words" 路径:"euwe_words.db"
[2026-06-14 13:46:07.199] [DEBUG] [DB] [0x5cd4] ..\..\..\core\database\DatabaseTableManager.cpp:128 - bool DatabaseTableManager::createTableIfNotExists(const QString&): 执行DDL成功:"CREATE TABLE IF NOT EXISTS Words (id INTEGER PRIMA"...
[2026-06-14 13:46:07.199] [INFO] [DB] [0x5cd4] ..\..\..\core\database\WordDatabaseManager.cpp:36 - WordDatabaseManager::WordDatabaseManager(const QString&, const QString&, const QString&, QObject*): Words 表已就绪，表名:"Words"
[2026-06-14 13:46:07.199] [DEBUG] [DB] [0x5cd4] ..\..\..\core\dictionary\LookupService.cpp:13 - LookupService::LookupService(const QSqlDatabase&, QObject*): LookupService 已初始化
[2026-06-14 13:46:07.559] [DEBUG] [DB] [0x5cd4] ..\..\..\core\database\DatabaseTableManager.cpp:17 - DatabaseTableManager::DatabaseTableManager(const QString&, const QString&, const QString&, QObject*): DatabaseTableManager 构造，表名:"Words"
[2026-06-14 13:46:07.560] [INFO] [DB] [0x5cd4] ..\..\..\core\database\DatabaseTableManager.cpp:56 - DatabaseTableManager::DatabaseTableManager(const QString&, const QString&, const QString&, QObject*): 数据库连接成功，表名:"Words" 路径:"euwe_words.db"
[2026-06-14 13:46:07.560] [DEBUG] [DB] [0x5cd4] ..\..\..\core\database\DatabaseTableManager.cpp:128 - bool DatabaseTableManager::createTableIfNotExists(const QString&): 执行DDL成功:"CREATE TABLE IF NOT EXISTS Words (id INTEGER PRIMA"...
[2026-06-14 13:46:07.561] [INFO] [DB] [0x5cd4] ..\..\..\core\database\WordDatabaseManager.cpp:36 - WordDatabaseManager::WordDatabaseManager(const QString&, const QString&, const QString&, QObject*): Words 表已就绪，表名:"Words"
[2026-06-14 13:46:07.561] [INFO] [DB] [0x5cd4] ..\..\..\ui\main\MainController.cpp:68 - void MainController::initBackend(): 熟词库初始化成功
[2026-06-14 13:46:07.561] [DEBUG] [DB] [0x5cd4] ..\..\..\core\dictionary\LookupService.cpp:13 - LookupService::LookupService(const QSqlDatabase&, QObject*): LookupService 已初始化
[2026-06-14 14:12:32.982] [DEBUG] [DB] [0x5cd4] ..\..\..\core\database\DatabaseTableManager.cpp:67 - virtual DatabaseTableManager::~DatabaseTableManager(): 数据库连接关闭:"DBMgr_Words_1b13fe0eb70_1b121f6bac0"
[2026-06-14 14:12:36.736] [INFO] [GEN] [0x62d4] ..\..\..\tests\main.cpp:47 - void initAllLogging(): 日志系统初始化完成，所有分类已注册
[2026-06-14 14:12:36.736] [INFO] [GEN] [0x62d4] ..\..\..\tests\main.cpp:47 - void initAllLogging(): 日志系统初始化完成，所有分类已注册
[2026-06-14 14:12:36.758] [DEBUG] [DB] [0x62d4] ..\..\..\core\database\DatabaseTableManager.cpp:17 - DatabaseTableManager::DatabaseTableManager(const QString&, const QString&, const QString&, QObject*): DatabaseTableManager 构造，表名:"Words"
[2026-06-14 14:12:36.763] [INFO] [DB] [0x62d4] ..\..\..\core\database\DatabaseTableManager.cpp:56 - DatabaseTableManager::DatabaseTableManager(const QString&, const QString&, const QString&, QObject*): 数据库连接成功，表名:"Words" 路径:"euwe_words.db"
[2026-06-14 14:12:36.764] [DEBUG] [DB] [0x62d4] ..\..\..\core\database\DatabaseTableManager.cpp:128 - bool DatabaseTableManager::createTableIfNotExists(const QString&): 执行DDL成功:"CREATE TABLE IF NOT EXISTS Words (id INTEGER PRIMA"...
[2026-06-14 14:12:36.764] [INFO] [DB] [0x62d4] ..\..\..\core\database\WordDatabaseManager.cpp:36 - WordDatabaseManager::WordDatabaseManager(const QString&, const QString&, const QString&, QObject*): Words 表已就绪，表名:"Words"
[2026-06-14 14:12:36.764] [DEBUG] [DB] [0x62d4] ..\..\..\core\dictionary\LookupService.cpp:13 - LookupService::LookupService(const QSqlDatabase&, QObject*): LookupService 已初始化
[2026-06-14 14:12:37.404] [DEBUG] [DB] [0x62d4] ..\..\..\core\database\DatabaseTableManager.cpp:17 - DatabaseTableManager::DatabaseTableManager(const QString&, const QString&, const QString&, QObject*): DatabaseTableManager 构造，表名:"Words"
[2026-06-14 14:12:37.406] [INFO] [DB] [0x62d4] ..\..\..\core\database\DatabaseTableManager.cpp:56 - DatabaseTableManager::DatabaseTableManager(const QString&, const QString&, const QString&, QObject*): 数据库连接成功，表名:"Words" 路径:"euwe_words.db"
[2026-06-14 14:12:37.406] [DEBUG] [DB] [0x62d4] ..\..\..\core\database\DatabaseTableManager.cpp:128 - bool DatabaseTableManager::createTableIfNotExists(const QString&): 执行DDL成功:"CREATE TABLE IF NOT EXISTS Words (id INTEGER PRIMA"...
[2026-06-14 14:12:37.406] [INFO] [DB] [0x62d4] ..\..\..\core\database\WordDatabaseManager.cpp:36 - WordDatabaseManager::WordDatabaseManager(const QString&, const QString&, const QString&, QObject*): Words 表已就绪，表名:"Words"
[2026-06-14 14:12:37.406] [INFO] [DB] [0x62d4] ..\..\..\ui\main\MainController.cpp:68 - void MainController::initBackend(): 熟词库初始化成功
[2026-06-14 14:12:37.407] [DEBUG] [DB] [0x62d4] ..\..\..\core\dictionary\LookupService.cpp:13 - LookupService::LookupService(const QSqlDatabase&, QObject*): LookupService 已初始化
[2026-06-14 14:13:06.497] [DEBUG] [DB] [0x62d4] ..\..\..\core\database\DatabaseTableManager.cpp:67 - virtual DatabaseTableManager::~DatabaseTableManager(): 数据库连接关闭:"DBMgr_Words_2d471f022c0_2d453fabb20"
[2026-06-14 14:13:20.354] [INFO] [GEN] [0x60ec] ..\..\..\tests\main.cpp:47 - void initAllLogging(): 日志系统初始化完成，所有分类已注册
[2026-06-14 14:13:20.354] [INFO] [GEN] [0x60ec] ..\..\..\tests\main.cpp:47 - void initAllLogging(): 日志系统初始化完成，所有分类已注册
[2026-06-14 14:13:20.360] [DEBUG] [DB] [0x60ec] ..\..\..\core\database\DatabaseTableManager.cpp:17 - DatabaseTableManager::DatabaseTableManager(const QString&, const QString&, const QString&, QObject*): DatabaseTableManager 构造，表名:"Words"
[2026-06-14 14:13:20.364] [INFO] [DB] [0x60ec] ..\..\..\core\database\DatabaseTableManager.cpp:56 - DatabaseTableManager::DatabaseTableManager(const QString&, const QString&, const QString&, QObject*): 数据库连接成功，表名:"Words" 路径:"euwe_words.db"
[2026-06-14 14:13:20.365] [DEBUG] [DB] [0x60ec] ..\..\..\core\database\DatabaseTableManager.cpp:128 - bool DatabaseTableManager::createTableIfNotExists(const QString&): 执行DDL成功:"CREATE TABLE IF NOT EXISTS Words (id INTEGER PRIMA"...
[2026-06-14 14:13:20.365] [INFO] [DB] [0x60ec] ..\..\..\core\database\WordDatabaseManager.cpp:36 - WordDatabaseManager::WordDatabaseManager(const QString&, const QString&, const QString&, QObject*): Words 表已就绪，表名:"Words"
[2026-06-14 14:13:20.365] [DEBUG] [DB] [0x60ec] ..\..\..\core\dictionary\LookupService.cpp:13 - LookupService::LookupService(const QSqlDatabase&, QObject*): LookupService 已初始化
[2026-06-14 14:13:20.566] [DEBUG] [DB] [0x60ec] ..\..\..\core\database\DatabaseTableManager.cpp:17 - DatabaseTableManager::DatabaseTableManager(const QString&, const QString&, const QString&, QObject*): DatabaseTableManager 构造，表名:"Words"
[2026-06-14 14:13:20.567] [INFO] [DB] [0x60ec] ..\..\..\core\database\DatabaseTableManager.cpp:56 - DatabaseTableManager::DatabaseTableManager(const QString&, const QString&, const QString&, QObject*): 数据库连接成功，表名:"Words" 路径:"euwe_words.db"
[2026-06-14 14:13:20.567] [DEBUG] [DB] [0x60ec] ..\..\..\core\database\DatabaseTableManager.cpp:128 - bool DatabaseTableManager::createTableIfNotExists(const QString&): 执行DDL成功:"CREATE TABLE IF NOT EXISTS Words (id INTEGER PRIMA"...
[2026-06-14 14:13:20.568] [INFO] [DB] [0x60ec] ..\..\..\core\database\WordDatabaseManager.cpp:36 - WordDatabaseManager::WordDatabaseManager(const QString&, const QString&, const QString&, QObject*): Words 表已就绪，表名:"Words"
[2026-06-14 14:13:20.568] [INFO] [DB] [0x60ec] ..\..\..\ui\main\MainController.cpp:68 - void MainController::initBackend(): 熟词库初始化成功
[2026-06-14 14:13:20.568] [DEBUG] [DB] [0x60ec] ..\..\..\core\dictionary\LookupService.cpp:13 - LookupService::LookupService(const QSqlDatabase&, QObject*): LookupService 已初始化
[2026-06-14 14:16:15.357] [DEBUG] [DB] [0x60ec] ..\..\..\core\database\DatabaseTableManager.cpp:67 - virtual DatabaseTableManager::~DatabaseTableManager(): 数据库连接关闭:"DBMgr_Words_2389c6e13c0_238fe56ba40"
[2026-06-14 14:17:23.215] [INFO] [GEN] [0x5d24] ..\..\..\tests\main.cpp:47 - void initAllLogging(): 日志系统初始化完成，所有分类已注册
[2026-06-14 14:17:23.215] [INFO] [GEN] [0x5d24] ..\..\..\tests\main.cpp:47 - void initAllLogging(): 日志系统初始化完成，所有分类已注册
[2026-06-14 14:17:23.223] [DEBUG] [DB] [0x5d24] ..\..\..\core\database\DatabaseTableManager.cpp:17 - DatabaseTableManager::DatabaseTableManager(const QString&, const QString&, const QString&, QObject*): DatabaseTableManager 构造，表名:"Words"
[2026-06-14 14:17:23.229] [INFO] [DB] [0x5d24] ..\..\..\core\database\DatabaseTableManager.cpp:56 - DatabaseTableManager::DatabaseTableManager(const QString&, const QString&, const QString&, QObject*): 数据库连接成功，表名:"Words" 路径:"euwe_words.db"
[2026-06-14 14:17:23.229] [DEBUG] [DB] [0x5d24] ..\..\..\core\database\DatabaseTableManager.cpp:128 - bool DatabaseTableManager::createTableIfNotExists(const QString&): 执行DDL成功:"CREATE TABLE IF NOT EXISTS Words (id INTEGER PRIMA"...
[2026-06-14 14:17:23.229] [INFO] [DB] [0x5d24] ..\..\..\core\database\WordDatabaseManager.cpp:36 - WordDatabaseManager::WordDatabaseManager(const QString&, const QString&, const QString&, QObject*): Words 表已就绪，表名:"Words"
[2026-06-14 14:17:23.230] [DEBUG] [DB] [0x5d24] ..\..\..\core\dictionary\LookupService.cpp:13 - LookupService::LookupService(const QSqlDatabase&, QObject*): LookupService 已初始化
[2026-06-14 14:17:23.574] [DEBUG] [DB] [0x5d24] ..\..\..\core\database\DatabaseTableManager.cpp:17 - DatabaseTableManager::DatabaseTableManager(const QString&, const QString&, const QString&, QObject*): DatabaseTableManager 构造，表名:"Words"
[2026-06-14 14:17:23.576] [INFO] [DB] [0x5d24] ..\..\..\core\database\DatabaseTableManager.cpp:56 - DatabaseTableManager::DatabaseTableManager(const QString&, const QString&, const QString&, QObject*): 数据库连接成功，表名:"Words" 路径:"euwe_words.db"
[2026-06-14 14:17:23.576] [DEBUG] [DB] [0x5d24] ..\..\..\core\database\DatabaseTableManager.cpp:128 - bool DatabaseTableManager::createTableIfNotExists(const QString&): 执行DDL成功:"CREATE TABLE IF NOT EXISTS Words (id INTEGER PRIMA"...
[2026-06-14 14:17:23.577] [INFO] [DB] [0x5d24] ..\..\..\core\database\WordDatabaseManager.cpp:36 - WordDatabaseManager::WordDatabaseManager(const QString&, const QString&, const QString&, QObject*): Words 表已就绪，表名:"Words"
[2026-06-14 14:17:23.577] [INFO] [DB] [0x5d24] ..\..\..\ui\main\MainController.cpp:68 - void MainController::initBackend(): 熟词库初始化成功
[2026-06-14 14:17:23.577] [DEBUG] [DB] [0x5d24] ..\..\..\core\dictionary\LookupService.cpp:13 - LookupService::LookupService(const QSqlDatabase&, QObject*): LookupService 已初始化
[2026-06-14 14:28:22.083] [DEBUG] [DB] [0x5d24] ..\..\..\core\database\DatabaseTableManager.cpp:67 - virtual DatabaseTableManager::~DatabaseTableManager(): 数据库连接关闭:"DBMgr_Words_179f47272a0_179d67bba80"
[2026-06-14 14:28:24.042] [INFO] [GEN] [0x1784] ..\..\..\tests\main.cpp:47 - void initAllLogging(): 日志系统初始化完成，所有分类已注册
[2026-06-14 14:28:24.042] [INFO] [GEN] [0x1784] ..\..\..\tests\main.cpp:47 - void initAllLogging(): 日志系统初始化完成，所有分类已注册
[2026-06-14 14:28:24.050] [DEBUG] [DB] [0x1784] ..\..\..\core\database\DatabaseTableManager.cpp:17 - DatabaseTableManager::DatabaseTableManager(const QString&, const QString&, const QString&, QObject*): DatabaseTableManager 构造，表名:"Words"
[2026-06-14 14:28:24.055] [INFO] [DB] [0x1784] ..\..\..\core\database\DatabaseTableManager.cpp:56 - DatabaseTableManager::DatabaseTableManager(const QString&, const QString&, const QString&, QObject*): 数据库连接成功，表名:"Words" 路径:"euwe_words.db"
[2026-06-14 14:28:24.055] [DEBUG] [DB] [0x1784] ..\..\..\core\database\DatabaseTableManager.cpp:128 - bool DatabaseTableManager::createTableIfNotExists(const QString&): 执行DDL成功:"CREATE TABLE IF NOT EXISTS Words (id INTEGER PRIMA"...
[2026-06-14 14:28:24.056] [INFO] [DB] [0x1784] ..\..\..\core\database\WordDatabaseManager.cpp:36 - WordDatabaseManager::WordDatabaseManager(const QString&, const QString&, const QString&, QObject*): Words 表已就绪，表名:"Words"
[2026-06-14 14:28:24.056] [DEBUG] [DB] [0x1784] ..\..\..\core\dictionary\LookupService.cpp:13 - LookupService::LookupService(const QSqlDatabase&, QObject*): LookupService 已初始化
[2026-06-14 14:28:24.412] [DEBUG] [DB] [0x1784] ..\..\..\core\database\DatabaseTableManager.cpp:17 - DatabaseTableManager::DatabaseTableManager(const QString&, const QString&, const QString&, QObject*): DatabaseTableManager 构造，表名:"Words"
[2026-06-14 14:28:24.413] [INFO] [DB] [0x1784] ..\..\..\core\database\DatabaseTableManager.cpp:56 - DatabaseTableManager::DatabaseTableManager(const QString&, const QString&, const QString&, QObject*): 数据库连接成功，表名:"Words" 路径:"euwe_words.db"
[2026-06-14 14:28:24.413] [DEBUG] [DB] [0x1784] ..\..\..\core\database\DatabaseTableManager.cpp:128 - bool DatabaseTableManager::createTableIfNotExists(const QString&): 执行DDL成功:"CREATE TABLE IF NOT EXISTS Words (id INTEGER PRIMA"...
[2026-06-14 14:28:24.414] [INFO] [DB] [0x1784] ..\..\..\core\database\WordDatabaseManager.cpp:36 - WordDatabaseManager::WordDatabaseManager(const QString&, const QString&, const QString&, QObject*): Words 表已就绪，表名:"Words"
[2026-06-14 14:28:24.414] [INFO] [DB] [0x1784] ..\..\..\ui\main\MainController.cpp:68 - void MainController::initBackend(): 熟词库初始化成功
[2026-06-14 14:28:24.414] [DEBUG] [DB] [0x1784] ..\..\..\core\dictionary\LookupService.cpp:13 - LookupService::LookupService(const QSqlDatabase&, QObject*): LookupService 已初始化
[2026-06-14 14:39:34.846] [DEBUG] [DB] [0x1784] ..\..\..\core\database\DatabaseTableManager.cpp:67 - virtual DatabaseTableManager::~DatabaseTableManager(): 数据库连接关闭:"DBMgr_Words_26d135d8300_26d755ebb20"
[2026-06-14 14:39:36.880] [INFO] [GEN] [0x5fe0] ..\..\..\tests\main.cpp:47 - void initAllLogging(): 日志系统初始化完成，所有分类已注册
[2026-06-14 14:39:36.880] [INFO] [GEN] [0x5fe0] ..\..\..\tests\main.cpp:47 - void initAllLogging(): 日志系统初始化完成，所有分类已注册
[2026-06-14 14:39:36.889] [DEBUG] [DB] [0x5fe0] ..\..\..\core\database\DatabaseTableManager.cpp:17 - DatabaseTableManager::DatabaseTableManager(const QString&, const QString&, const QString&, QObject*): DatabaseTableManager 构造，表名:"Words"
[2026-06-14 14:39:36.892] [INFO] [DB] [0x5fe0] ..\..\..\core\database\DatabaseTableManager.cpp:56 - DatabaseTableManager::DatabaseTableManager(const QString&, const QString&, const QString&, QObject*): 数据库连接成功，表名:"Words" 路径:"euwe_words.db"
[2026-06-14 14:39:36.893] [DEBUG] [DB] [0x5fe0] ..\..\..\core\database\DatabaseTableManager.cpp:128 - bool DatabaseTableManager::createTableIfNotExists(const QString&): 执行DDL成功:"CREATE TABLE IF NOT EXISTS Words (id INTEGER PRIMA"...
[2026-06-14 14:39:36.893] [INFO] [DB] [0x5fe0] ..\..\..\core\database\WordDatabaseManager.cpp:36 - WordDatabaseManager::WordDatabaseManager(const QString&, const QString&, const QString&, QObject*): Words 表已就绪，表名:"Words"
[2026-06-14 14:39:36.893] [DEBUG] [DB] [0x5fe0] ..\..\..\core\dictionary\LookupService.cpp:13 - LookupService::LookupService(const QSqlDatabase&, QObject*): LookupService 已初始化
[2026-06-14 14:39:37.347] [DEBUG] [DB] [0x5fe0] ..\..\..\core\database\DatabaseTableManager.cpp:17 - DatabaseTableManager::DatabaseTableManager(const QString&, const QString&, const QString&, QObject*): DatabaseTableManager 构造，表名:"Words"
[2026-06-14 14:39:37.350] [INFO] [DB] [0x5fe0] ..\..\..\core\database\DatabaseTableManager.cpp:56 - DatabaseTableManager::DatabaseTableManager(const QString&, const QString&, const QString&, QObject*): 数据库连接成功，表名:"Words" 路径:"euwe_words.db"
[2026-06-14 14:39:37.350] [DEBUG] [DB] [0x5fe0] ..\..\..\core\database\DatabaseTableManager.cpp:128 - bool DatabaseTableManager::createTableIfNotExists(const QString&): 执行DDL成功:"CREATE TABLE IF NOT EXISTS Words (id INTEGER PRIMA"...
[2026-06-14 14:39:37.350] [INFO] [DB] [0x5fe0] ..\..\..\core\database\WordDatabaseManager.cpp:36 - WordDatabaseManager::WordDatabaseManager(const QString&, const QString&, const QString&, QObject*): Words 表已就绪，表名:"Words"
[2026-06-14 14:39:37.351] [INFO] [DB] [0x5fe0] ..\..\..\ui\main\MainController.cpp:68 - void MainController::initBackend(): 熟词库初始化成功
[2026-06-14 14:39:37.351] [DEBUG] [DB] [0x5fe0] ..\..\..\core\dictionary\LookupService.cpp:13 - LookupService::LookupService(const QSqlDatabase&, QObject*): LookupService 已初始化
[2026-06-14 14:40:04.940] [DEBUG] [DB] [0x5fe0] ..\..\..\core\database\DatabaseTableManager.cpp:67 - virtual DatabaseTableManager::~DatabaseTableManager(): 数据库连接关闭:"DBMgr_Words_256b6f7e990_25698debc80"
[2026-06-14 14:40:06.903] [INFO] [GEN] [0x2d80] ..\..\..\tests\main.cpp:47 - void initAllLogging(): 日志系统初始化完成，所有分类已注册
[2026-06-14 14:40:06.903] [INFO] [GEN] [0x2d80] ..\..\..\tests\main.cpp:47 - void initAllLogging(): 日志系统初始化完成，所有分类已注册
[2026-06-14 14:40:06.910] [DEBUG] [DB] [0x2d80] ..\..\..\core\database\DatabaseTableManager.cpp:17 - DatabaseTableManager::DatabaseTableManager(const QString&, const QString&, const QString&, QObject*): DatabaseTableManager 构造，表名:"Words"
[2026-06-14 14:40:06.915] [INFO] [DB] [0x2d80] ..\..\..\core\database\DatabaseTableManager.cpp:56 - DatabaseTableManager::DatabaseTableManager(const QString&, const QString&, const QString&, QObject*): 数据库连接成功，表名:"Words" 路径:"euwe_words.db"
[2026-06-14 14:40:06.915] [DEBUG] [DB] [0x2d80] ..\..\..\core\database\DatabaseTableManager.cpp:128 - bool DatabaseTableManager::createTableIfNotExists(const QString&): 执行DDL成功:"CREATE TABLE IF NOT EXISTS Words (id INTEGER PRIMA"...
[2026-06-14 14:40:06.915] [INFO] [DB] [0x2d80] ..\..\..\core\database\WordDatabaseManager.cpp:36 - WordDatabaseManager::WordDatabaseManager(const QString&, const QString&, const QString&, QObject*): Words 表已就绪，表名:"Words"
[2026-06-14 14:40:06.916] [DEBUG] [DB] [0x2d80] ..\..\..\core\dictionary\LookupService.cpp:13 - LookupService::LookupService(const QSqlDatabase&, QObject*): LookupService 已初始化
[2026-06-14 14:40:07.315] [DEBUG] [DB] [0x2d80] ..\..\..\core\database\DatabaseTableManager.cpp:17 - DatabaseTableManager::DatabaseTableManager(const QString&, const QString&, const QString&, QObject*): DatabaseTableManager 构造，表名:"Words"
[2026-06-14 14:40:07.317] [INFO] [DB] [0x2d80] ..\..\..\core\database\DatabaseTableManager.cpp:56 - DatabaseTableManager::DatabaseTableManager(const QString&, const QString&, const QString&, QObject*): 数据库连接成功，表名:"Words" 路径:"euwe_words.db"
[2026-06-14 14:40:07.317] [DEBUG] [DB] [0x2d80] ..\..\..\core\database\DatabaseTableManager.cpp:128 - bool DatabaseTableManager::createTableIfNotExists(const QString&): 执行DDL成功:"CREATE TABLE IF NOT EXISTS Words (id INTEGER PRIMA"...
[2026-06-14 14:40:07.318] [INFO] [DB] [0x2d80] ..\..\..\core\database\WordDatabaseManager.cpp:36 - WordDatabaseManager::WordDatabaseManager(const QString&, const QString&, const QString&, QObject*): Words 表已就绪，表名:"Words"
[2026-06-14 14:40:07.318] [INFO] [DB] [0x2d80] ..\..\..\ui\main\MainController.cpp:68 - void MainController::initBackend(): 熟词库初始化成功
[2026-06-14 14:40:07.318] [DEBUG] [DB] [0x2d80] ..\..\..\core\dictionary\LookupService.cpp:13 - LookupService::LookupService(const QSqlDatabase&, QObject*): LookupService 已初始化
[2026-06-14 14:44:41.833] [DEBUG] [DB] [0x2d80] ..\..\..\core\database\DatabaseTableManager.cpp:67 - virtual DatabaseTableManager::~DatabaseTableManager(): 数据库连接关闭:"DBMgr_Words_2636a3fa160_2634c39bc20"
[2026-06-14 14:44:43.816] [INFO] [GEN] [0x60f0] ..\..\..\tests\main.cpp:47 - void initAllLogging(): 日志系统初始化完成，所有分类已注册
[2026-06-14 14:44:43.816] [INFO] [GEN] [0x60f0] ..\..\..\tests\main.cpp:47 - void initAllLogging(): 日志系统初始化完成，所有分类已注册
[2026-06-14 14:44:43.823] [DEBUG] [DB] [0x60f0] ..\..\..\core\database\DatabaseTableManager.cpp:17 - DatabaseTableManager::DatabaseTableManager(const QString&, const QString&, const QString&, QObject*): DatabaseTableManager 构造，表名:"Words"
[2026-06-14 14:44:43.828] [INFO] [DB] [0x60f0] ..\..\..\core\database\DatabaseTableManager.cpp:56 - DatabaseTableManager::DatabaseTableManager(const QString&, const QString&, const QString&, QObject*): 数据库连接成功，表名:"Words" 路径:"euwe_words.db"
[2026-06-14 14:44:43.828] [DEBUG] [DB] [0x60f0] ..\..\..\core\database\DatabaseTableManager.cpp:128 - bool DatabaseTableManager::createTableIfNotExists(const QString&): 执行DDL成功:"CREATE TABLE IF NOT EXISTS Words (id INTEGER PRIMA"...
[2026-06-14 14:44:43.829] [INFO] [DB] [0x60f0] ..\..\..\core\database\WordDatabaseManager.cpp:36 - WordDatabaseManager::WordDatabaseManager(const QString&, const QString&, const QString&, QObject*): Words 表已就绪，表名:"Words"
[2026-06-14 14:44:43.829] [DEBUG] [DB] [0x60f0] ..\..\..\core\dictionary\LookupService.cpp:13 - LookupService::LookupService(const QSqlDatabase&, QObject*): LookupService 已初始化
[2026-06-14 14:44:44.227] [DEBUG] [DB] [0x60f0] ..\..\..\core\database\DatabaseTableManager.cpp:17 - DatabaseTableManager::DatabaseTableManager(const QString&, const QString&, const QString&, QObject*): DatabaseTableManager 构造，表名:"Words"
[2026-06-14 14:44:44.228] [INFO] [DB] [0x60f0] ..\..\..\core\database\DatabaseTableManager.cpp:56 - DatabaseTableManager::DatabaseTableManager(const QString&, const QString&, const QString&, QObject*): 数据库连接成功，表名:"Words" 路径:"euwe_words.db"
[2026-06-14 14:44:44.229] [DEBUG] [DB] [0x60f0] ..\..\..\core\database\DatabaseTableManager.cpp:128 - bool DatabaseTableManager::createTableIfNotExists(const QString&): 执行DDL成功:"CREATE TABLE IF NOT EXISTS Words (id INTEGER PRIMA"...
[2026-06-14 14:44:44.229] [INFO] [DB] [0x60f0] ..\..\..\core\database\WordDatabaseManager.cpp:36 - WordDatabaseManager::WordDatabaseManager(const QString&, const QString&, const QString&, QObject*): Words 表已就绪，表名:"Words"
[2026-06-14 14:44:44.229] [INFO] [DB] [0x60f0] ..\..\..\ui\main\MainController.cpp:68 - void MainController::initBackend(): 熟词库初始化成功
[2026-06-14 14:44:44.229] [DEBUG] [DB] [0x60f0] ..\..\..\core\dictionary\LookupService.cpp:13 - LookupService::LookupService(const QSqlDatabase&, QObject*): LookupService 已初始化
[2026-06-14 14:48:08.140] [DEBUG] [DB] [0x60f0] ..\..\..\core\database\DatabaseTableManager.cpp:67 - virtual DatabaseTableManager::~DatabaseTableManager(): 数据库连接关闭:"DBMgr_Words_2b0a9f70560_2b08befbb00"
[2026-06-14 14:48:10.051] [INFO] [GEN] [0x3f0c] ..\..\..\tests\main.cpp:47 - void initAllLogging(): 日志系统初始化完成，所有分类已注册
[2026-06-14 14:48:10.051] [INFO] [GEN] [0x3f0c] ..\..\..\tests\main.cpp:47 - void initAllLogging(): 日志系统初始化完成，所有分类已注册
[2026-06-14 14:48:10.059] [DEBUG] [DB] [0x3f0c] ..\..\..\core\database\DatabaseTableManager.cpp:17 - DatabaseTableManager::DatabaseTableManager(const QString&, const QString&, const QString&, QObject*): DatabaseTableManager 构造，表名:"Words"
[2026-06-14 14:48:10.063] [INFO] [DB] [0x3f0c] ..\..\..\core\database\DatabaseTableManager.cpp:56 - DatabaseTableManager::DatabaseTableManager(const QString&, const QString&, const QString&, QObject*): 数据库连接成功，表名:"Words" 路径:"euwe_words.db"
[2026-06-14 14:48:10.063] [DEBUG] [DB] [0x3f0c] ..\..\..\core\database\DatabaseTableManager.cpp:128 - bool DatabaseTableManager::createTableIfNotExists(const QString&): 执行DDL成功:"CREATE TABLE IF NOT EXISTS Words (id INTEGER PRIMA"...
[2026-06-14 14:48:10.063] [INFO] [DB] [0x3f0c] ..\..\..\core\database\WordDatabaseManager.cpp:36 - WordDatabaseManager::WordDatabaseManager(const QString&, const QString&, const QString&, QObject*): Words 表已就绪，表名:"Words"
[2026-06-14 14:48:10.064] [DEBUG] [DB] [0x3f0c] ..\..\..\core\dictionary\LookupService.cpp:13 - LookupService::LookupService(const QSqlDatabase&, QObject*): LookupService 已初始化
[2026-06-14 14:48:10.437] [DEBUG] [DB] [0x3f0c] ..\..\..\core\database\DatabaseTableManager.cpp:17 - DatabaseTableManager::DatabaseTableManager(const QString&, const QString&, const QString&, QObject*): DatabaseTableManager 构造，表名:"Words"
[2026-06-14 14:48:10.438] [INFO] [DB] [0x3f0c] ..\..\..\core\database\DatabaseTableManager.cpp:56 - DatabaseTableManager::DatabaseTableManager(const QString&, const QString&, const QString&, QObject*): 数据库连接成功，表名:"Words" 路径:"euwe_words.db"
[2026-06-14 14:48:10.439] [DEBUG] [DB] [0x3f0c] ..\..\..\core\database\DatabaseTableManager.cpp:128 - bool DatabaseTableManager::createTableIfNotExists(const QString&): 执行DDL成功:"CREATE TABLE IF NOT EXISTS Words (id INTEGER PRIMA"...
[2026-06-14 14:48:10.439] [INFO] [DB] [0x3f0c] ..\..\..\core\database\WordDatabaseManager.cpp:36 - WordDatabaseManager::WordDatabaseManager(const QString&, const QString&, const QString&, QObject*): Words 表已就绪，表名:"Words"
[2026-06-14 14:48:10.439] [INFO] [DB] [0x3f0c] ..\..\..\ui\main\MainController.cpp:68 - void MainController::initBackend(): 熟词库初始化成功
[2026-06-14 14:48:10.439] [DEBUG] [DB] [0x3f0c] ..\..\..\core\dictionary\LookupService.cpp:13 - LookupService::LookupService(const QSqlDatabase&, QObject*): LookupService 已初始化
[2026-06-14 15:04:20.973] [DEBUG] [DB] [0x3f0c] ..\..\..\core\database\DatabaseTableManager.cpp:67 - virtual DatabaseTableManager::~DatabaseTableManager(): 数据库连接关闭:"DBMgr_Words_1ea7f059370_1ea60fdbb60"
[2026-06-14 15:04:22.964] [INFO] [GEN] [0x23ec] ..\..\..\tests\main.cpp:47 - void initAllLogging(): 日志系统初始化完成，所有分类已注册
[2026-06-14 15:04:22.964] [INFO] [GEN] [0x23ec] ..\..\..\tests\main.cpp:47 - void initAllLogging(): 日志系统初始化完成，所有分类已注册
[2026-06-14 15:04:22.970] [DEBUG] [DB] [0x23ec] ..\..\..\core\database\DatabaseTableManager.cpp:17 - DatabaseTableManager::DatabaseTableManager(const QString&, const QString&, const QString&, QObject*): DatabaseTableManager 构造，表名:"Words"
[2026-06-14 15:04:22.976] [INFO] [DB] [0x23ec] ..\..\..\core\database\DatabaseTableManager.cpp:56 - DatabaseTableManager::DatabaseTableManager(const QString&, const QString&, const QString&, QObject*): 数据库连接成功，表名:"Words" 路径:"euwe_words.db"
[2026-06-14 15:04:22.976] [DEBUG] [DB] [0x23ec] ..\..\..\core\database\DatabaseTableManager.cpp:128 - bool DatabaseTableManager::createTableIfNotExists(const QString&): 执行DDL成功:"CREATE TABLE IF NOT EXISTS Words (id INTEGER PRIMA"...
[2026-06-14 15:04:22.977] [INFO] [DB] [0x23ec] ..\..\..\core\database\WordDatabaseManager.cpp:36 - WordDatabaseManager::WordDatabaseManager(const QString&, const QString&, const QString&, QObject*): Words 表已就绪，表名:"Words"
[2026-06-14 15:04:22.977] [DEBUG] [DB] [0x23ec] ..\..\..\core\dictionary\LookupService.cpp:13 - LookupService::LookupService(const QSqlDatabase&, QObject*): LookupService 已初始化
[2026-06-14 15:04:23.346] [DEBUG] [DB] [0x23ec] ..\..\..\core\database\DatabaseTableManager.cpp:17 - DatabaseTableManager::DatabaseTableManager(const QString&, const QString&, const QString&, QObject*): DatabaseTableManager 构造，表名:"Words"
[2026-06-14 15:04:23.348] [INFO] [DB] [0x23ec] ..\..\..\core\database\DatabaseTableManager.cpp:56 - DatabaseTableManager::DatabaseTableManager(const QString&, const QString&, const QString&, QObject*): 数据库连接成功，表名:"Words" 路径:"euwe_words.db"
[2026-06-14 15:04:23.348] [DEBUG] [DB] [0x23ec] ..\..\..\core\database\DatabaseTableManager.cpp:128 - bool DatabaseTableManager::createTableIfNotExists(const QString&): 执行DDL成功:"CREATE TABLE IF NOT EXISTS Words (id INTEGER PRIMA"...
[2026-06-14 15:04:23.348] [INFO] [DB] [0x23ec] ..\..\..\core\database\WordDatabaseManager.cpp:36 - WordDatabaseManager::WordDatabaseManager(const QString&, const QString&, const QString&, QObject*): Words 表已就绪，表名:"Words"
[2026-06-14 15:04:23.349] [INFO] [DB] [0x23ec] ..\..\..\ui\main\MainController.cpp:68 - void MainController::initBackend(): 熟词库初始化成功
[2026-06-14 15:04:23.349] [DEBUG] [DB] [0x23ec] ..\..\..\core\dictionary\LookupService.cpp:13 - LookupService::LookupService(const QSqlDatabase&, QObject*): LookupService 已初始化
[2026-06-14 15:08:39.334] [DEBUG] [DB] [0x23ec] ..\..\..\core\database\DatabaseTableManager.cpp:67 - virtual DatabaseTableManager::~DatabaseTableManager(): 数据库连接关闭:"DBMgr_Words_1efce5c8ff0_1efb068bc00"
[2026-06-14 15:08:41.255] [INFO] [GEN] [0x3240] ..\..\..\tests\main.cpp:47 - void initAllLogging(): 日志系统初始化完成，所有分类已注册
[2026-06-14 15:08:41.255] [INFO] [GEN] [0x3240] ..\..\..\tests\main.cpp:47 - void initAllLogging(): 日志系统初始化完成，所有分类已注册
[2026-06-14 15:08:41.264] [DEBUG] [DB] [0x3240] ..\..\..\core\database\DatabaseTableManager.cpp:17 - DatabaseTableManager::DatabaseTableManager(const QString&, const QString&, const QString&, QObject*): DatabaseTableManager 构造，表名:"Words"
[2026-06-14 15:08:41.267] [INFO] [DB] [0x3240] ..\..\..\core\database\DatabaseTableManager.cpp:56 - DatabaseTableManager::DatabaseTableManager(const QString&, const QString&, const QString&, QObject*): 数据库连接成功，表名:"Words" 路径:"euwe_words.db"
[2026-06-14 15:08:41.268] [DEBUG] [DB] [0x3240] ..\..\..\core\database\DatabaseTableManager.cpp:128 - bool DatabaseTableManager::createTableIfNotExists(const QString&): 执行DDL成功:"CREATE TABLE IF NOT EXISTS Words (id INTEGER PRIMA"...
[2026-06-14 15:08:41.268] [INFO] [DB] [0x3240] ..\..\..\core\database\WordDatabaseManager.cpp:36 - WordDatabaseManager::WordDatabaseManager(const QString&, const QString&, const QString&, QObject*): Words 表已就绪，表名:"Words"
[2026-06-14 15:08:41.268] [DEBUG] [DB] [0x3240] ..\..\..\core\dictionary\LookupService.cpp:13 - LookupService::LookupService(const QSqlDatabase&, QObject*): LookupService 已初始化
[2026-06-14 15:08:41.639] [DEBUG] [DB] [0x3240] ..\..\..\core\database\DatabaseTableManager.cpp:17 - DatabaseTableManager::DatabaseTableManager(const QString&, const QString&, const QString&, QObject*): DatabaseTableManager 构造，表名:"Words"
[2026-06-14 15:08:41.641] [INFO] [DB] [0x3240] ..\..\..\core\database\DatabaseTableManager.cpp:56 - DatabaseTableManager::DatabaseTableManager(const QString&, const QString&, const QString&, QObject*): 数据库连接成功，表名:"Words" 路径:"euwe_words.db"
[2026-06-14 15:08:41.641] [DEBUG] [DB] [0x3240] ..\..\..\core\database\DatabaseTableManager.cpp:128 - bool DatabaseTableManager::createTableIfNotExists(const QString&): 执行DDL成功:"CREATE TABLE IF NOT EXISTS Words (id INTEGER PRIMA"...
[2026-06-14 15:08:41.641] [INFO] [DB] [0x3240] ..\..\..\core\database\WordDatabaseManager.cpp:36 - WordDatabaseManager::WordDatabaseManager(const QString&, const QString&, const QString&, QObject*): Words 表已就绪，表名:"Words"
[2026-06-14 15:08:41.642] [INFO] [DB] [0x3240] ..\..\..\ui\main\MainController.cpp:68 - void MainController::initBackend(): 熟词库初始化成功
[2026-06-14 15:08:41.642] [DEBUG] [DB] [0x3240] ..\..\..\core\dictionary\LookupService.cpp:13 - LookupService::LookupService(const QSqlDatabase&, QObject*): LookupService 已初始化
[2026-06-14 15:14:24.412] [DEBUG] [DB] [0x3240] ..\..\..\core\database\DatabaseTableManager.cpp:67 - virtual DatabaseTableManager::~DatabaseTableManager(): 数据库连接关闭:"DBMgr_Words_20695068940_206f710b9a0"
[2026-06-14 15:14:26.353] [INFO] [GEN] [0x3d88] ..\..\..\tests\main.cpp:47 - void initAllLogging(): 日志系统初始化完成，所有分类已注册
[2026-06-14 15:14:26.353] [INFO] [GEN] [0x3d88] ..\..\..\tests\main.cpp:47 - void initAllLogging(): 日志系统初始化完成，所有分类已注册
[2026-06-14 15:14:26.361] [DEBUG] [DB] [0x3d88] ..\..\..\core\database\DatabaseTableManager.cpp:17 - DatabaseTableManager::DatabaseTableManager(const QString&, const QString&, const QString&, QObject*): DatabaseTableManager 构造，表名:"Words"
[2026-06-14 15:14:26.365] [INFO] [DB] [0x3d88] ..\..\..\core\database\DatabaseTableManager.cpp:56 - DatabaseTableManager::DatabaseTableManager(const QString&, const QString&, const QString&, QObject*): 数据库连接成功，表名:"Words" 路径:"euwe_words.db"
[2026-06-14 15:14:26.365] [DEBUG] [DB] [0x3d88] ..\..\..\core\database\DatabaseTableManager.cpp:128 - bool DatabaseTableManager::createTableIfNotExists(const QString&): 执行DDL成功:"CREATE TABLE IF NOT EXISTS Words (id INTEGER PRIMA"...
[2026-06-14 15:14:26.365] [INFO] [DB] [0x3d88] ..\..\..\core\database\WordDatabaseManager.cpp:36 - WordDatabaseManager::WordDatabaseManager(const QString&, const QString&, const QString&, QObject*): Words 表已就绪，表名:"Words"
[2026-06-14 15:14:26.365] [DEBUG] [DB] [0x3d88] ..\..\..\core\dictionary\LookupService.cpp:13 - LookupService::LookupService(const QSqlDatabase&, QObject*): LookupService 已初始化
[2026-06-14 15:14:26.750] [DEBUG] [DB] [0x3d88] ..\..\..\core\database\DatabaseTableManager.cpp:17 - DatabaseTableManager::DatabaseTableManager(const QString&, const QString&, const QString&, QObject*): DatabaseTableManager 构造，表名:"Words"
[2026-06-14 15:14:26.751] [INFO] [DB] [0x3d88] ..\..\..\core\database\DatabaseTableManager.cpp:56 - DatabaseTableManager::DatabaseTableManager(const QString&, const QString&, const QString&, QObject*): 数据库连接成功，表名:"Words" 路径:"euwe_words.db"
[2026-06-14 15:14:26.751] [DEBUG] [DB] [0x3d88] ..\..\..\core\database\DatabaseTableManager.cpp:128 - bool DatabaseTableManager::createTableIfNotExists(const QString&): 执行DDL成功:"CREATE TABLE IF NOT EXISTS Words (id INTEGER PRIMA"...
[2026-06-14 15:14:26.751] [INFO] [DB] [0x3d88] ..\..\..\core\database\WordDatabaseManager.cpp:36 - WordDatabaseManager::WordDatabaseManager(const QString&, const QString&, const QString&, QObject*): Words 表已就绪，表名:"Words"
[2026-06-14 15:14:26.752] [INFO] [DB] [0x3d88] ..\..\..\ui\main\MainController.cpp:68 - void MainController::initBackend(): 熟词库初始化成功
[2026-06-14 15:14:26.752] [DEBUG] [DB] [0x3d88] ..\..\..\core\dictionary\LookupService.cpp:13 - LookupService::LookupService(const QSqlDatabase&, QObject*): LookupService 已初始化
[2026-06-14 15:17:59.473] [DEBUG] [DB] [0x3d88] ..\..\..\core\database\DatabaseTableManager.cpp:67 - virtual DatabaseTableManager::~DatabaseTableManager(): 数据库连接关闭:"DBMgr_Words_2f0af631f40_2f0915fbb80"
[2026-06-14 15:18:01.389] [INFO] [GEN] [0x6238] ..\..\..\tests\main.cpp:47 - void initAllLogging(): 日志系统初始化完成，所有分类已注册
[2026-06-14 15:18:01.389] [INFO] [GEN] [0x6238] ..\..\..\tests\main.cpp:47 - void initAllLogging(): 日志系统初始化完成，所有分类已注册
[2026-06-14 15:18:01.396] [DEBUG] [DB] [0x6238] ..\..\..\core\database\DatabaseTableManager.cpp:17 - DatabaseTableManager::DatabaseTableManager(const QString&, const QString&, const QString&, QObject*): DatabaseTableManager 构造，表名:"Words"
[2026-06-14 15:18:01.402] [INFO] [DB] [0x6238] ..\..\..\core\database\DatabaseTableManager.cpp:56 - DatabaseTableManager::DatabaseTableManager(const QString&, const QString&, const QString&, QObject*): 数据库连接成功，表名:"Words" 路径:"euwe_words.db"
[2026-06-14 15:18:01.402] [DEBUG] [DB] [0x6238] ..\..\..\core\database\DatabaseTableManager.cpp:128 - bool DatabaseTableManager::createTableIfNotExists(const QString&): 执行DDL成功:"CREATE TABLE IF NOT EXISTS Words (id INTEGER PRIMA"...
[2026-06-14 15:18:01.402] [INFO] [DB] [0x6238] ..\..\..\core\database\WordDatabaseManager.cpp:36 - WordDatabaseManager::WordDatabaseManager(const QString&, const QString&, const QString&, QObject*): Words 表已就绪，表名:"Words"
[2026-06-14 15:18:01.402] [DEBUG] [DB] [0x6238] ..\..\..\core\dictionary\LookupService.cpp:13 - LookupService::LookupService(const QSqlDatabase&, QObject*): LookupService 已初始化
[2026-06-14 15:18:01.762] [DEBUG] [DB] [0x6238] ..\..\..\core\database\DatabaseTableManager.cpp:17 - DatabaseTableManager::DatabaseTableManager(const QString&, const QString&, const QString&, QObject*): DatabaseTableManager 构造，表名:"Words"
[2026-06-14 15:18:01.763] [INFO] [DB] [0x6238] ..\..\..\core\database\DatabaseTableManager.cpp:56 - DatabaseTableManager::DatabaseTableManager(const QString&, const QString&, const QString&, QObject*): 数据库连接成功，表名:"Words" 路径:"euwe_words.db"
[2026-06-14 15:18:01.764] [DEBUG] [DB] [0x6238] ..\..\..\core\database\DatabaseTableManager.cpp:128 - bool DatabaseTableManager::createTableIfNotExists(const QString&): 执行DDL成功:"CREATE TABLE IF NOT EXISTS Words (id INTEGER PRIMA"...
[2026-06-14 15:18:01.764] [INFO] [DB] [0x6238] ..\..\..\core\database\WordDatabaseManager.cpp:36 - WordDatabaseManager::WordDatabaseManager(const QString&, const QString&, const QString&, QObject*): Words 表已就绪，表名:"Words"
[2026-06-14 15:18:01.764] [INFO] [DB] [0x6238] ..\..\..\ui\main\MainController.cpp:68 - void MainController::initBackend(): 熟词库初始化成功
[2026-06-14 15:18:01.764] [DEBUG] [DB] [0x6238] ..\..\..\core\dictionary\LookupService.cpp:13 - LookupService::LookupService(const QSqlDatabase&, QObject*): LookupService 已初始化
[2026-06-14 15:22:19.521] [DEBUG] [DB] [0x6238] ..\..\..\core\database\DatabaseTableManager.cpp:67 - virtual DatabaseTableManager::~DatabaseTableManager(): 数据库连接关闭:"DBMgr_Words_1da2a579bc0_1da0c60bc60"
[2026-06-14 15:22:21.427] [INFO] [GEN] [0x6044] ..\..\..\tests\main.cpp:47 - void initAllLogging(): 日志系统初始化完成，所有分类已注册
[2026-06-14 15:22:21.427] [INFO] [GEN] [0x6044] ..\..\..\tests\main.cpp:47 - void initAllLogging(): 日志系统初始化完成，所有分类已注册
[2026-06-14 15:22:21.436] [DEBUG] [DB] [0x6044] ..\..\..\core\database\DatabaseTableManager.cpp:17 - DatabaseTableManager::DatabaseTableManager(const QString&, const QString&, const QString&, QObject*): DatabaseTableManager 构造，表名:"Words"
[2026-06-14 15:22:21.440] [INFO] [DB] [0x6044] ..\..\..\core\database\DatabaseTableManager.cpp:56 - DatabaseTableManager::DatabaseTableManager(const QString&, const QString&, const QString&, QObject*): 数据库连接成功，表名:"Words" 路径:"euwe_words.db"
[2026-06-14 15:22:21.440] [DEBUG] [DB] [0x6044] ..\..\..\core\database\DatabaseTableManager.cpp:128 - bool DatabaseTableManager::createTableIfNotExists(const QString&): 执行DDL成功:"CREATE TABLE IF NOT EXISTS Words (id INTEGER PRIMA"...
[2026-06-14 15:22:21.441] [INFO] [DB] [0x6044] ..\..\..\core\database\WordDatabaseManager.cpp:36 - WordDatabaseManager::WordDatabaseManager(const QString&, const QString&, const QString&, QObject*): Words 表已就绪，表名:"Words"
[2026-06-14 15:22:21.441] [DEBUG] [DB] [0x6044] ..\..\..\core\dictionary\LookupService.cpp:13 - LookupService::LookupService(const QSqlDatabase&, QObject*): LookupService 已初始化
[2026-06-14 15:22:21.799] [DEBUG] [DB] [0x6044] ..\..\..\core\database\DatabaseTableManager.cpp:17 - DatabaseTableManager::DatabaseTableManager(const QString&, const QString&, const QString&, QObject*): DatabaseTableManager 构造，表名:"Words"
[2026-06-14 15:22:21.800] [INFO] [DB] [0x6044] ..\..\..\core\database\DatabaseTableManager.cpp:56 - DatabaseTableManager::DatabaseTableManager(const QString&, const QString&, const QString&, QObject*): 数据库连接成功，表名:"Words" 路径:"euwe_words.db"
[2026-06-14 15:22:21.800] [DEBUG] [DB] [0x6044] ..\..\..\core\database\DatabaseTableManager.cpp:128 - bool DatabaseTableManager::createTableIfNotExists(const QString&): 执行DDL成功:"CREATE TABLE IF NOT EXISTS Words (id INTEGER PRIMA"...
[2026-06-14 15:22:21.800] [INFO] [DB] [0x6044] ..\..\..\core\database\WordDatabaseManager.cpp:36 - WordDatabaseManager::WordDatabaseManager(const QString&, const QString&, const QString&, QObject*): Words 表已就绪，表名:"Words"
[2026-06-14 15:22:21.801] [INFO] [DB] [0x6044] ..\..\..\ui\main\MainController.cpp:68 - void MainController::initBackend(): 熟词库初始化成功
[2026-06-14 15:22:21.801] [DEBUG] [DB] [0x6044] ..\..\..\core\dictionary\LookupService.cpp:13 - LookupService::LookupService(const QSqlDatabase&, QObject*): LookupService 已初始化
[2026-06-14 15:23:34.131] [DEBUG] [DB] [0x6044] ..\..\..\core\database\DatabaseTableManager.cpp:67 - virtual DatabaseTableManager::~DatabaseTableManager(): 数据库连接关闭:"DBMgr_Words_1c69ef0c7a0_1c68100bc40"
[2026-06-14 15:23:36.128] [INFO] [GEN] [0x55c8] ..\..\..\tests\main.cpp:47 - void initAllLogging(): 日志系统初始化完成，所有分类已注册
[2026-06-14 15:23:36.128] [INFO] [GEN] [0x55c8] ..\..\..\tests\main.cpp:47 - void initAllLogging(): 日志系统初始化完成，所有分类已注册
[2026-06-14 15:23:36.135] [DEBUG] [DB] [0x55c8] ..\..\..\core\database\DatabaseTableManager.cpp:17 - DatabaseTableManager::DatabaseTableManager(const QString&, const QString&, const QString&, QObject*): DatabaseTableManager 构造，表名:"Words"
[2026-06-14 15:23:36.139] [INFO] [DB] [0x55c8] ..\..\..\core\database\DatabaseTableManager.cpp:56 - DatabaseTableManager::DatabaseTableManager(const QString&, const QString&, const QString&, QObject*): 数据库连接成功，表名:"Words" 路径:"euwe_words.db"
[2026-06-14 15:23:36.140] [DEBUG] [DB] [0x55c8] ..\..\..\core\database\DatabaseTableManager.cpp:128 - bool DatabaseTableManager::createTableIfNotExists(const QString&): 执行DDL成功:"CREATE TABLE IF NOT EXISTS Words (id INTEGER PRIMA"...
[2026-06-14 15:23:36.140] [INFO] [DB] [0x55c8] ..\..\..\core\database\WordDatabaseManager.cpp:36 - WordDatabaseManager::WordDatabaseManager(const QString&, const QString&, const QString&, QObject*): Words 表已就绪，表名:"Words"
[2026-06-14 15:23:36.140] [DEBUG] [DB] [0x55c8] ..\..\..\core\dictionary\LookupService.cpp:13 - LookupService::LookupService(const QSqlDatabase&, QObject*): LookupService 已初始化
[2026-06-14 15:23:36.567] [DEBUG] [DB] [0x55c8] ..\..\..\core\database\DatabaseTableManager.cpp:17 - DatabaseTableManager::DatabaseTableManager(const QString&, const QString&, const QString&, QObject*): DatabaseTableManager 构造，表名:"Words"
[2026-06-14 15:23:36.569] [INFO] [DB] [0x55c8] ..\..\..\core\database\DatabaseTableManager.cpp:56 - DatabaseTableManager::DatabaseTableManager(const QString&, const QString&, const QString&, QObject*): 数据库连接成功，表名:"Words" 路径:"euwe_words.db"
[2026-06-14 15:23:36.569] [DEBUG] [DB] [0x55c8] ..\..\..\core\database\DatabaseTableManager.cpp:128 - bool DatabaseTableManager::createTableIfNotExists(const QString&): 执行DDL成功:"CREATE TABLE IF NOT EXISTS Words (id INTEGER PRIMA"...
[2026-06-14 15:23:36.569] [INFO] [DB] [0x55c8] ..\..\..\core\database\WordDatabaseManager.cpp:36 - WordDatabaseManager::WordDatabaseManager(const QString&, const QString&, const QString&, QObject*): Words 表已就绪，表名:"Words"
[2026-06-14 15:23:36.569] [INFO] [DB] [0x55c8] ..\..\..\ui\main\MainController.cpp:68 - void MainController::initBackend(): 熟词库初始化成功
[2026-06-14 15:23:36.570] [DEBUG] [DB] [0x55c8] ..\..\..\core\dictionary\LookupService.cpp:13 - LookupService::LookupService(const QSqlDatabase&, QObject*): LookupService 已初始化
[2026-06-14 15:24:44.847] [DEBUG] [DB] [0x55c8] ..\..\..\core\database\DatabaseTableManager.cpp:67 - virtual DatabaseTableManager::~DatabaseTableManager(): 数据库连接关闭:"DBMgr_Words_1f59d0f3690_1f5ff17baa0"
[2026-06-14 15:24:46.767] [INFO] [GEN] [0x2834] ..\..\..\tests\main.cpp:47 - void initAllLogging(): 日志系统初始化完成，所有分类已注册
[2026-06-14 15:24:46.767] [INFO] [GEN] [0x2834] ..\..\..\tests\main.cpp:47 - void initAllLogging(): 日志系统初始化完成，所有分类已注册
[2026-06-14 15:24:46.773] [DEBUG] [DB] [0x2834] ..\..\..\core\database\DatabaseTableManager.cpp:17 - DatabaseTableManager::DatabaseTableManager(const QString&, const QString&, const QString&, QObject*): DatabaseTableManager 构造，表名:"Words"
[2026-06-14 15:24:46.777] [INFO] [DB] [0x2834] ..\..\..\core\database\DatabaseTableManager.cpp:56 - DatabaseTableManager::DatabaseTableManager(const QString&, const QString&, const QString&, QObject*): 数据库连接成功，表名:"Words" 路径:"euwe_words.db"
[2026-06-14 15:24:46.777] [DEBUG] [DB] [0x2834] ..\..\..\core\database\DatabaseTableManager.cpp:128 - bool DatabaseTableManager::createTableIfNotExists(const QString&): 执行DDL成功:"CREATE TABLE IF NOT EXISTS Words (id INTEGER PRIMA"...
[2026-06-14 15:24:46.778] [INFO] [DB] [0x2834] ..\..\..\core\database\WordDatabaseManager.cpp:36 - WordDatabaseManager::WordDatabaseManager(const QString&, const QString&, const QString&, QObject*): Words 表已就绪，表名:"Words"
[2026-06-14 15:24:46.778] [DEBUG] [DB] [0x2834] ..\..\..\core\dictionary\LookupService.cpp:13 - LookupService::LookupService(const QSqlDatabase&, QObject*): LookupService 已初始化
[2026-06-14 15:24:47.117] [DEBUG] [DB] [0x2834] ..\..\..\core\database\DatabaseTableManager.cpp:17 - DatabaseTableManager::DatabaseTableManager(const QString&, const QString&, const QString&, QObject*): DatabaseTableManager 构造，表名:"Words"
[2026-06-14 15:24:47.118] [INFO] [DB] [0x2834] ..\..\..\core\database\DatabaseTableManager.cpp:56 - DatabaseTableManager::DatabaseTableManager(const QString&, const QString&, const QString&, QObject*): 数据库连接成功，表名:"Words" 路径:"euwe_words.db"
[2026-06-14 15:24:47.118] [DEBUG] [DB] [0x2834] ..\..\..\core\database\DatabaseTableManager.cpp:128 - bool DatabaseTableManager::createTableIfNotExists(const QString&): 执行DDL成功:"CREATE TABLE IF NOT EXISTS Words (id INTEGER PRIMA"...
[2026-06-14 15:24:47.119] [INFO] [DB] [0x2834] ..\..\..\core\database\WordDatabaseManager.cpp:36 - WordDatabaseManager::WordDatabaseManager(const QString&, const QString&, const QString&, QObject*): Words 表已就绪，表名:"Words"
[2026-06-14 15:24:47.119] [INFO] [DB] [0x2834] ..\..\..\ui\main\MainController.cpp:68 - void MainController::initBackend(): 熟词库初始化成功
[2026-06-14 15:24:47.120] [DEBUG] [DB] [0x2834] ..\..\..\core\dictionary\LookupService.cpp:13 - LookupService::LookupService(const QSqlDatabase&, QObject*): LookupService 已初始化
[2026-06-14 15:29:07.978] [DEBUG] [DB] [0x2834] ..\..\..\core\database\DatabaseTableManager.cpp:67 - virtual DatabaseTableManager::~DatabaseTableManager(): 数据库连接关闭:"DBMgr_Words_2995883e460_2993a49bae0"
[2026-06-14 15:29:09.880] [INFO] [GEN] [0x638c] ..\..\..\tests\main.cpp:47 - void initAllLogging(): 日志系统初始化完成，所有分类已注册
[2026-06-14 15:29:09.880] [INFO] [GEN] [0x638c] ..\..\..\tests\main.cpp:47 - void initAllLogging(): 日志系统初始化完成，所有分类已注册
[2026-06-14 15:29:09.888] [DEBUG] [DB] [0x638c] ..\..\..\core\database\DatabaseTableManager.cpp:17 - DatabaseTableManager::DatabaseTableManager(const QString&, const QString&, const QString&, QObject*): DatabaseTableManager 构造，表名:"Words"
[2026-06-14 15:29:09.893] [INFO] [DB] [0x638c] ..\..\..\core\database\DatabaseTableManager.cpp:56 - DatabaseTableManager::DatabaseTableManager(const QString&, const QString&, const QString&, QObject*): 数据库连接成功，表名:"Words" 路径:"euwe_words.db"
[2026-06-14 15:29:09.893] [DEBUG] [DB] [0x638c] ..\..\..\core\database\DatabaseTableManager.cpp:128 - bool DatabaseTableManager::createTableIfNotExists(const QString&): 执行DDL成功:"CREATE TABLE IF NOT EXISTS Words (id INTEGER PRIMA"...
[2026-06-14 15:29:09.893] [INFO] [DB] [0x638c] ..\..\..\core\database\WordDatabaseManager.cpp:36 - WordDatabaseManager::WordDatabaseManager(const QString&, const QString&, const QString&, QObject*): Words 表已就绪，表名:"Words"
[2026-06-14 15:29:09.894] [DEBUG] [DB] [0x638c] ..\..\..\core\dictionary\LookupService.cpp:13 - LookupService::LookupService(const QSqlDatabase&, QObject*): LookupService 已初始化
[2026-06-14 15:29:10.252] [DEBUG] [DB] [0x638c] ..\..\..\core\database\DatabaseTableManager.cpp:17 - DatabaseTableManager::DatabaseTableManager(const QString&, const QString&, const QString&, QObject*): DatabaseTableManager 构造，表名:"Words"
[2026-06-14 15:29:10.253] [INFO] [DB] [0x638c] ..\..\..\core\database\DatabaseTableManager.cpp:56 - DatabaseTableManager::DatabaseTableManager(const QString&, const QString&, const QString&, QObject*): 数据库连接成功，表名:"Words" 路径:"euwe_words.db"
[2026-06-14 15:29:10.253] [DEBUG] [DB] [0x638c] ..\..\..\core\database\DatabaseTableManager.cpp:128 - bool DatabaseTableManager::createTableIfNotExists(const QString&): 执行DDL成功:"CREATE TABLE IF NOT EXISTS Words (id INTEGER PRIMA"...
[2026-06-14 15:29:10.253] [INFO] [DB] [0x638c] ..\..\..\core\database\WordDatabaseManager.cpp:36 - WordDatabaseManager::WordDatabaseManager(const QString&, const QString&, const QString&, QObject*): Words 表已就绪，表名:"Words"
[2026-06-14 15:29:10.253] [INFO] [DB] [0x638c] ..\..\..\ui\main\MainController.cpp:68 - void MainController::initBackend(): 熟词库初始化成功
[2026-06-14 15:29:10.253] [DEBUG] [DB] [0x638c] ..\..\..\core\dictionary\LookupService.cpp:13 - LookupService::LookupService(const QSqlDatabase&, QObject*): LookupService 已初始化
[2026-06-14 15:32:45.357] [DEBUG] [DB] [0x638c] ..\..\..\core\database\DatabaseTableManager.cpp:67 - virtual DatabaseTableManager::~DatabaseTableManager(): 数据库连接关闭:"DBMgr_Words_22ee5912470_22ec78fbc00"
[2026-06-14 15:32:47.311] [INFO] [GEN] [0x3f70] ..\..\..\tests\main.cpp:47 - void initAllLogging(): 日志系统初始化完成，所有分类已注册
[2026-06-14 15:32:47.311] [INFO] [GEN] [0x3f70] ..\..\..\tests\main.cpp:47 - void initAllLogging(): 日志系统初始化完成，所有分类已注册
[2026-06-14 15:32:47.323] [DEBUG] [DB] [0x3f70] ..\..\..\core\database\DatabaseTableManager.cpp:17 - DatabaseTableManager::DatabaseTableManager(const QString&, const QString&, const QString&, QObject*): DatabaseTableManager 构造，表名:"Words"
[2026-06-14 15:32:47.327] [INFO] [DB] [0x3f70] ..\..\..\core\database\DatabaseTableManager.cpp:56 - DatabaseTableManager::DatabaseTableManager(const QString&, const QString&, const QString&, QObject*): 数据库连接成功，表名:"Words" 路径:"euwe_words.db"
[2026-06-14 15:32:47.327] [DEBUG] [DB] [0x3f70] ..\..\..\core\database\DatabaseTableManager.cpp:128 - bool DatabaseTableManager::createTableIfNotExists(const QString&): 执行DDL成功:"CREATE TABLE IF NOT EXISTS Words (id INTEGER PRIMA"...
[2026-06-14 15:32:47.327] [INFO] [DB] [0x3f70] ..\..\..\core\database\WordDatabaseManager.cpp:36 - WordDatabaseManager::WordDatabaseManager(const QString&, const QString&, const QString&, QObject*): Words 表已就绪，表名:"Words"
[2026-06-14 15:32:47.327] [DEBUG] [DB] [0x3f70] ..\..\..\core\dictionary\LookupService.cpp:13 - LookupService::LookupService(const QSqlDatabase&, QObject*): LookupService 已初始化
[2026-06-14 15:32:47.685] [DEBUG] [DB] [0x3f70] ..\..\..\core\database\DatabaseTableManager.cpp:17 - DatabaseTableManager::DatabaseTableManager(const QString&, const QString&, const QString&, QObject*): DatabaseTableManager 构造，表名:"Words"
[2026-06-14 15:32:47.686] [INFO] [DB] [0x3f70] ..\..\..\core\database\DatabaseTableManager.cpp:56 - DatabaseTableManager::DatabaseTableManager(const QString&, const QString&, const QString&, QObject*): 数据库连接成功，表名:"Words" 路径:"euwe_words.db"
[2026-06-14 15:32:47.687] [DEBUG] [DB] [0x3f70] ..\..\..\core\database\DatabaseTableManager.cpp:128 - bool DatabaseTableManager::createTableIfNotExists(const QString&): 执行DDL成功:"CREATE TABLE IF NOT EXISTS Words (id INTEGER PRIMA"...
[2026-06-14 15:32:47.687] [INFO] [DB] [0x3f70] ..\..\..\core\database\WordDatabaseManager.cpp:36 - WordDatabaseManager::WordDatabaseManager(const QString&, const QString&, const QString&, QObject*): Words 表已就绪，表名:"Words"
[2026-06-14 15:32:47.687] [INFO] [DB] [0x3f70] ..\..\..\ui\main\MainController.cpp:68 - void MainController::initBackend(): 熟词库初始化成功
[2026-06-14 15:32:47.687] [DEBUG] [DB] [0x3f70] ..\..\..\core\dictionary\LookupService.cpp:13 - LookupService::LookupService(const QSqlDatabase&, QObject*): LookupService 已初始化
[2026-06-14 15:37:53.383] [DEBUG] [DB] [0x3f70] ..\..\..\core\database\DatabaseTableManager.cpp:67 - virtual DatabaseTableManager::~DatabaseTableManager(): 数据库连接关闭:"DBMgr_Words_1863e3ef650_1862038ba60"
[2026-06-14 15:37:55.377] [INFO] [GEN] [0x1124] ..\..\..\tests\main.cpp:47 - void initAllLogging(): 日志系统初始化完成，所有分类已注册
[2026-06-14 15:37:55.377] [INFO] [GEN] [0x1124] ..\..\..\tests\main.cpp:47 - void initAllLogging(): 日志系统初始化完成，所有分类已注册
[2026-06-14 15:37:55.386] [DEBUG] [DB] [0x1124] ..\..\..\core\database\DatabaseTableManager.cpp:17 - DatabaseTableManager::DatabaseTableManager(const QString&, const QString&, const QString&, QObject*): DatabaseTableManager 构造，表名:"Words"
[2026-06-14 15:37:55.391] [INFO] [DB] [0x1124] ..\..\..\core\database\DatabaseTableManager.cpp:56 - DatabaseTableManager::DatabaseTableManager(const QString&, const QString&, const QString&, QObject*): 数据库连接成功，表名:"Words" 路径:"euwe_words.db"
[2026-06-14 15:37:55.391] [DEBUG] [DB] [0x1124] ..\..\..\core\database\DatabaseTableManager.cpp:128 - bool DatabaseTableManager::createTableIfNotExists(const QString&): 执行DDL成功:"CREATE TABLE IF NOT EXISTS Words (id INTEGER PRIMA"...
[2026-06-14 15:37:55.391] [INFO] [DB] [0x1124] ..\..\..\core\database\WordDatabaseManager.cpp:36 - WordDatabaseManager::WordDatabaseManager(const QString&, const QString&, const QString&, QObject*): Words 表已就绪，表名:"Words"
[2026-06-14 15:37:55.392] [DEBUG] [DB] [0x1124] ..\..\..\core\dictionary\LookupService.cpp:13 - LookupService::LookupService(const QSqlDatabase&, QObject*): LookupService 已初始化
[2026-06-14 15:37:55.763] [DEBUG] [DB] [0x1124] ..\..\..\core\database\DatabaseTableManager.cpp:17 - DatabaseTableManager::DatabaseTableManager(const QString&, const QString&, const QString&, QObject*): DatabaseTableManager 构造，表名:"Words"
[2026-06-14 15:37:55.765] [INFO] [DB] [0x1124] ..\..\..\core\database\DatabaseTableManager.cpp:56 - DatabaseTableManager::DatabaseTableManager(const QString&, const QString&, const QString&, QObject*): 数据库连接成功，表名:"Words" 路径:"euwe_words.db"
[2026-06-14 15:37:55.765] [DEBUG] [DB] [0x1124] ..\..\..\core\database\DatabaseTableManager.cpp:128 - bool DatabaseTableManager::createTableIfNotExists(const QString&): 执行DDL成功:"CREATE TABLE IF NOT EXISTS Words (id INTEGER PRIMA"...
[2026-06-14 15:37:55.765] [INFO] [DB] [0x1124] ..\..\..\core\database\WordDatabaseManager.cpp:36 - WordDatabaseManager::WordDatabaseManager(const QString&, const QString&, const QString&, QObject*): Words 表已就绪，表名:"Words"
[2026-06-14 15:37:55.765] [INFO] [DB] [0x1124] ..\..\..\ui\main\MainController.cpp:68 - void MainController::initBackend(): 熟词库初始化成功
[2026-06-14 15:37:55.765] [DEBUG] [DB] [0x1124] ..\..\..\core\dictionary\LookupService.cpp:13 - LookupService::LookupService(const QSqlDatabase&, QObject*): LookupService 已初始化
[2026-06-14 15:40:32.652] [DEBUG] [DB] [0x1124] ..\..\..\core\database\DatabaseTableManager.cpp:67 - virtual DatabaseTableManager::~DatabaseTableManager(): 数据库连接关闭:"DBMgr_Words_264d33f1490_264b504bc80"
[2026-06-14 15:40:34.583] [INFO] [GEN] [0x61e4] ..\..\..\tests\main.cpp:47 - void initAllLogging(): 日志系统初始化完成，所有分类已注册
[2026-06-14 15:40:34.583] [INFO] [GEN] [0x61e4] ..\..\..\tests\main.cpp:47 - void initAllLogging(): 日志系统初始化完成，所有分类已注册
[2026-06-14 15:40:34.591] [DEBUG] [DB] [0x61e4] ..\..\..\core\database\DatabaseTableManager.cpp:17 - DatabaseTableManager::DatabaseTableManager(const QString&, const QString&, const QString&, QObject*): DatabaseTableManager 构造，表名:"Words"
[2026-06-14 15:40:34.596] [INFO] [DB] [0x61e4] ..\..\..\core\database\DatabaseTableManager.cpp:56 - DatabaseTableManager::DatabaseTableManager(const QString&, const QString&, const QString&, QObject*): 数据库连接成功，表名:"Words" 路径:"euwe_words.db"
[2026-06-14 15:40:34.597] [DEBUG] [DB] [0x61e4] ..\..\..\core\database\DatabaseTableManager.cpp:128 - bool DatabaseTableManager::createTableIfNotExists(const QString&): 执行DDL成功:"CREATE TABLE IF NOT EXISTS Words (id INTEGER PRIMA"...
[2026-06-14 15:40:34.597] [INFO] [DB] [0x61e4] ..\..\..\core\database\WordDatabaseManager.cpp:36 - WordDatabaseManager::WordDatabaseManager(const QString&, const QString&, const QString&, QObject*): Words 表已就绪，表名:"Words"
[2026-06-14 15:40:34.597] [DEBUG] [DB] [0x61e4] ..\..\..\core\dictionary\LookupService.cpp:13 - LookupService::LookupService(const QSqlDatabase&, QObject*): LookupService 已初始化
[2026-06-14 15:40:34.941] [DEBUG] [DB] [0x61e4] ..\..\..\core\database\DatabaseTableManager.cpp:17 - DatabaseTableManager::DatabaseTableManager(const QString&, const QString&, const QString&, QObject*): DatabaseTableManager 构造，表名:"Words"
[2026-06-14 15:40:34.943] [INFO] [DB] [0x61e4] ..\..\..\core\database\DatabaseTableManager.cpp:56 - DatabaseTableManager::DatabaseTableManager(const QString&, const QString&, const QString&, QObject*): 数据库连接成功，表名:"Words" 路径:"euwe_words.db"
[2026-06-14 15:40:34.943] [DEBUG] [DB] [0x61e4] ..\..\..\core\database\DatabaseTableManager.cpp:128 - bool DatabaseTableManager::createTableIfNotExists(const QString&): 执行DDL成功:"CREATE TABLE IF NOT EXISTS Words (id INTEGER PRIMA"...
[2026-06-14 15:40:34.943] [INFO] [DB] [0x61e4] ..\..\..\core\database\WordDatabaseManager.cpp:36 - WordDatabaseManager::WordDatabaseManager(const QString&, const QString&, const QString&, QObject*): Words 表已就绪，表名:"Words"
[2026-06-14 15:40:34.943] [INFO] [DB] [0x61e4] ..\..\..\ui\main\MainController.cpp:68 - void MainController::initBackend(): 熟词库初始化成功
[2026-06-14 15:40:34.944] [DEBUG] [DB] [0x61e4] ..\..\..\core\dictionary\LookupService.cpp:13 - LookupService::LookupService(const QSqlDatabase&, QObject*): LookupService 已初始化
[2026-06-14 15:42:19.292] [DEBUG] [DB] [0x61e4] ..\..\..\core\database\DatabaseTableManager.cpp:67 - virtual DatabaseTableManager::~DatabaseTableManager(): 数据库连接关闭:"DBMgr_Words_212132ffa70_212752fba20"
[2026-06-14 15:42:21.206] [INFO] [GEN] [0x6210] ..\..\..\tests\main.cpp:47 - void initAllLogging(): 日志系统初始化完成，所有分类已注册
[2026-06-14 15:42:21.206] [INFO] [GEN] [0x6210] ..\..\..\tests\main.cpp:47 - void initAllLogging(): 日志系统初始化完成，所有分类已注册
[2026-06-14 15:42:21.215] [DEBUG] [DB] [0x6210] ..\..\..\core\database\DatabaseTableManager.cpp:17 - DatabaseTableManager::DatabaseTableManager(const QString&, const QString&, const QString&, QObject*): DatabaseTableManager 构造，表名:"Words"
[2026-06-14 15:42:21.220] [INFO] [DB] [0x6210] ..\..\..\core\database\DatabaseTableManager.cpp:56 - DatabaseTableManager::DatabaseTableManager(const QString&, const QString&, const QString&, QObject*): 数据库连接成功，表名:"Words" 路径:"euwe_words.db"
[2026-06-14 15:42:21.220] [DEBUG] [DB] [0x6210] ..\..\..\core\database\DatabaseTableManager.cpp:128 - bool DatabaseTableManager::createTableIfNotExists(const QString&): 执行DDL成功:"CREATE TABLE IF NOT EXISTS Words (id INTEGER PRIMA"...
[2026-06-14 15:42:21.220] [INFO] [DB] [0x6210] ..\..\..\core\database\WordDatabaseManager.cpp:36 - WordDatabaseManager::WordDatabaseManager(const QString&, const QString&, const QString&, QObject*): Words 表已就绪，表名:"Words"
[2026-06-14 15:42:21.221] [DEBUG] [DB] [0x6210] ..\..\..\core\dictionary\LookupService.cpp:13 - LookupService::LookupService(const QSqlDatabase&, QObject*): LookupService 已初始化
[2026-06-14 15:42:21.575] [DEBUG] [DB] [0x6210] ..\..\..\core\database\DatabaseTableManager.cpp:17 - DatabaseTableManager::DatabaseTableManager(const QString&, const QString&, const QString&, QObject*): DatabaseTableManager 构造，表名:"Words"
[2026-06-14 15:42:21.576] [INFO] [DB] [0x6210] ..\..\..\core\database\DatabaseTableManager.cpp:56 - DatabaseTableManager::DatabaseTableManager(const QString&, const QString&, const QString&, QObject*): 数据库连接成功，表名:"Words" 路径:"euwe_words.db"
[2026-06-14 15:42:21.576] [DEBUG] [DB] [0x6210] ..\..\..\core\database\DatabaseTableManager.cpp:128 - bool DatabaseTableManager::createTableIfNotExists(const QString&): 执行DDL成功:"CREATE TABLE IF NOT EXISTS Words (id INTEGER PRIMA"...
[2026-06-14 15:42:21.577] [INFO] [DB] [0x6210] ..\..\..\core\database\WordDatabaseManager.cpp:36 - WordDatabaseManager::WordDatabaseManager(const QString&, const QString&, const QString&, QObject*): Words 表已就绪，表名:"Words"
[2026-06-14 15:42:21.577] [INFO] [DB] [0x6210] ..\..\..\ui\main\MainController.cpp:68 - void MainController::initBackend(): 熟词库初始化成功
[2026-06-14 15:42:21.577] [DEBUG] [DB] [0x6210] ..\..\..\core\dictionary\LookupService.cpp:13 - LookupService::LookupService(const QSqlDatabase&, QObject*): LookupService 已初始化
[2026-06-14 15:44:58.223] [DEBUG] [DB] [0x6210] ..\..\..\core\database\DatabaseTableManager.cpp:67 - virtual DatabaseTableManager::~DatabaseTableManager(): 数据库连接关闭:"DBMgr_Words_1debb0c2be0_1de9cffbba0"
[2026-06-14 15:45:00.155] [INFO] [GEN] [0x407c] ..\..\..\tests\main.cpp:47 - void initAllLogging(): 日志系统初始化完成，所有分类已注册
[2026-06-14 15:45:00.155] [INFO] [GEN] [0x407c] ..\..\..\tests\main.cpp:47 - void initAllLogging(): 日志系统初始化完成，所有分类已注册
[2026-06-14 15:45:00.161] [DEBUG] [DB] [0x407c] ..\..\..\core\database\DatabaseTableManager.cpp:17 - DatabaseTableManager::DatabaseTableManager(const QString&, const QString&, const QString&, QObject*): DatabaseTableManager 构造，表名:"Words"
[2026-06-14 15:45:00.167] [INFO] [DB] [0x407c] ..\..\..\core\database\DatabaseTableManager.cpp:56 - DatabaseTableManager::DatabaseTableManager(const QString&, const QString&, const QString&, QObject*): 数据库连接成功，表名:"Words" 路径:"euwe_words.db"
[2026-06-14 15:45:00.167] [DEBUG] [DB] [0x407c] ..\..\..\core\database\DatabaseTableManager.cpp:128 - bool DatabaseTableManager::createTableIfNotExists(const QString&): 执行DDL成功:"CREATE TABLE IF NOT EXISTS Words (id INTEGER PRIMA"...
[2026-06-14 15:45:00.168] [INFO] [DB] [0x407c] ..\..\..\core\database\WordDatabaseManager.cpp:36 - WordDatabaseManager::WordDatabaseManager(const QString&, const QString&, const QString&, QObject*): Words 表已就绪，表名:"Words"
[2026-06-14 15:45:00.168] [DEBUG] [DB] [0x407c] ..\..\..\core\dictionary\LookupService.cpp:13 - LookupService::LookupService(const QSqlDatabase&, QObject*): LookupService 已初始化
[2026-06-14 15:45:00.528] [DEBUG] [DB] [0x407c] ..\..\..\core\database\DatabaseTableManager.cpp:17 - DatabaseTableManager::DatabaseTableManager(const QString&, const QString&, const QString&, QObject*): DatabaseTableManager 构造，表名:"Words"
[2026-06-14 15:45:00.529] [INFO] [DB] [0x407c] ..\..\..\core\database\DatabaseTableManager.cpp:56 - DatabaseTableManager::DatabaseTableManager(const QString&, const QString&, const QString&, QObject*): 数据库连接成功，表名:"Words" 路径:"euwe_words.db"
[2026-06-14 15:45:00.529] [DEBUG] [DB] [0x407c] ..\..\..\core\database\DatabaseTableManager.cpp:128 - bool DatabaseTableManager::createTableIfNotExists(const QString&): 执行DDL成功:"CREATE TABLE IF NOT EXISTS Words (id INTEGER PRIMA"...
[2026-06-14 15:45:00.529] [INFO] [DB] [0x407c] ..\..\..\core\database\WordDatabaseManager.cpp:36 - WordDatabaseManager::WordDatabaseManager(const QString&, const QString&, const QString&, QObject*): Words 表已就绪，表名:"Words"
[2026-06-14 15:45:00.529] [INFO] [DB] [0x407c] ..\..\..\ui\main\MainController.cpp:68 - void MainController::initBackend(): 熟词库初始化成功
[2026-06-14 15:45:00.530] [DEBUG] [DB] [0x407c] ..\..\..\core\dictionary\LookupService.cpp:13 - LookupService::LookupService(const QSqlDatabase&, QObject*): LookupService 已初始化
[2026-06-14 15:49:58.823] [DEBUG] [DB] [0x407c] ..\..\..\core\database\DatabaseTableManager.cpp:67 - virtual DatabaseTableManager::~DatabaseTableManager(): 数据库连接关闭:"DBMgr_Words_1e2e2c97eb0_1e2c4d5bce0"
[2026-06-14 15:50:00.769] [INFO] [GEN] [0x5928] ..\..\..\tests\main.cpp:47 - void initAllLogging(): 日志系统初始化完成，所有分类已注册
[2026-06-14 15:50:00.769] [INFO] [GEN] [0x5928] ..\..\..\tests\main.cpp:47 - void initAllLogging(): 日志系统初始化完成，所有分类已注册
[2026-06-14 15:50:00.779] [DEBUG] [DB] [0x5928] ..\..\..\core\database\DatabaseTableManager.cpp:17 - DatabaseTableManager::DatabaseTableManager(const QString&, const QString&, const QString&, QObject*): DatabaseTableManager 构造，表名:"Words"
[2026-06-14 15:50:00.784] [INFO] [DB] [0x5928] ..\..\..\core\database\DatabaseTableManager.cpp:56 - DatabaseTableManager::DatabaseTableManager(const QString&, const QString&, const QString&, QObject*): 数据库连接成功，表名:"Words" 路径:"euwe_words.db"
[2026-06-14 15:50:00.784] [DEBUG] [DB] [0x5928] ..\..\..\core\database\DatabaseTableManager.cpp:128 - bool DatabaseTableManager::createTableIfNotExists(const QString&): 执行DDL成功:"CREATE TABLE IF NOT EXISTS Words (id INTEGER PRIMA"...
[2026-06-14 15:50:00.784] [INFO] [DB] [0x5928] ..\..\..\core\database\WordDatabaseManager.cpp:36 - WordDatabaseManager::WordDatabaseManager(const QString&, const QString&, const QString&, QObject*): Words 表已就绪，表名:"Words"
[2026-06-14 15:50:00.785] [DEBUG] [DB] [0x5928] ..\..\..\core\dictionary\LookupService.cpp:13 - LookupService::LookupService(const QSqlDatabase&, QObject*): LookupService 已初始化
[2026-06-14 15:50:01.145] [DEBUG] [DB] [0x5928] ..\..\..\core\database\DatabaseTableManager.cpp:17 - DatabaseTableManager::DatabaseTableManager(const QString&, const QString&, const QString&, QObject*): DatabaseTableManager 构造，表名:"Words"
[2026-06-14 15:50:01.147] [INFO] [DB] [0x5928] ..\..\..\core\database\DatabaseTableManager.cpp:56 - DatabaseTableManager::DatabaseTableManager(const QString&, const QString&, const QString&, QObject*): 数据库连接成功，表名:"Words" 路径:"euwe_words.db"
[2026-06-14 15:50:01.147] [DEBUG] [DB] [0x5928] ..\..\..\core\database\DatabaseTableManager.cpp:128 - bool DatabaseTableManager::createTableIfNotExists(const QString&): 执行DDL成功:"CREATE TABLE IF NOT EXISTS Words (id INTEGER PRIMA"...
[2026-06-14 15:50:01.147] [INFO] [DB] [0x5928] ..\..\..\core\database\WordDatabaseManager.cpp:36 - WordDatabaseManager::WordDatabaseManager(const QString&, const QString&, const QString&, QObject*): Words 表已就绪，表名:"Words"
[2026-06-14 15:50:01.147] [INFO] [DB] [0x5928] ..\..\..\ui\main\MainController.cpp:68 - void MainController::initBackend(): 熟词库初始化成功
[2026-06-14 15:50:01.147] [DEBUG] [DB] [0x5928] ..\..\..\core\dictionary\LookupService.cpp:13 - LookupService::LookupService(const QSqlDatabase&, QObject*): LookupService 已初始化
[2026-06-14 15:50:23.765] [DEBUG] [DB] [0x5928] ..\..\..\core\database\DatabaseTableManager.cpp:67 - virtual DatabaseTableManager::~DatabaseTableManager(): 数据库连接关闭:"DBMgr_Words_280548ae030_280369abb20"
[2026-06-14 15:50:25.732] [INFO] [GEN] [0x5d78] ..\..\..\tests\main.cpp:47 - void initAllLogging(): 日志系统初始化完成，所有分类已注册
[2026-06-14 15:50:25.732] [INFO] [GEN] [0x5d78] ..\..\..\tests\main.cpp:47 - void initAllLogging(): 日志系统初始化完成，所有分类已注册
[2026-06-14 15:50:25.739] [DEBUG] [DB] [0x5d78] ..\..\..\core\database\DatabaseTableManager.cpp:17 - DatabaseTableManager::DatabaseTableManager(const QString&, const QString&, const QString&, QObject*): DatabaseTableManager 构造，表名:"Words"
[2026-06-14 15:50:25.743] [INFO] [DB] [0x5d78] ..\..\..\core\database\DatabaseTableManager.cpp:56 - DatabaseTableManager::DatabaseTableManager(const QString&, const QString&, const QString&, QObject*): 数据库连接成功，表名:"Words" 路径:"euwe_words.db"
[2026-06-14 15:50:25.744] [DEBUG] [DB] [0x5d78] ..\..\..\core\database\DatabaseTableManager.cpp:128 - bool DatabaseTableManager::createTableIfNotExists(const QString&): 执行DDL成功:"CREATE TABLE IF NOT EXISTS Words (id INTEGER PRIMA"...
[2026-06-14 15:50:25.744] [INFO] [DB] [0x5d78] ..\..\..\core\database\WordDatabaseManager.cpp:36 - WordDatabaseManager::WordDatabaseManager(const QString&, const QString&, const QString&, QObject*): Words 表已就绪，表名:"Words"
[2026-06-14 15:50:25.744] [DEBUG] [DB] [0x5d78] ..\..\..\core\dictionary\LookupService.cpp:13 - LookupService::LookupService(const QSqlDatabase&, QObject*): LookupService 已初始化
[2026-06-14 15:50:26.098] [DEBUG] [DB] [0x5d78] ..\..\..\core\database\DatabaseTableManager.cpp:17 - DatabaseTableManager::DatabaseTableManager(const QString&, const QString&, const QString&, QObject*): DatabaseTableManager 构造，表名:"Words"
[2026-06-14 15:50:26.099] [INFO] [DB] [0x5d78] ..\..\..\core\database\DatabaseTableManager.cpp:56 - DatabaseTableManager::DatabaseTableManager(const QString&, const QString&, const QString&, QObject*): 数据库连接成功，表名:"Words" 路径:"euwe_words.db"
[2026-06-14 15:50:26.099] [DEBUG] [DB] [0x5d78] ..\..\..\core\database\DatabaseTableManager.cpp:128 - bool DatabaseTableManager::createTableIfNotExists(const QString&): 执行DDL成功:"CREATE TABLE IF NOT EXISTS Words (id INTEGER PRIMA"...
[2026-06-14 15:50:26.100] [INFO] [DB] [0x5d78] ..\..\..\core\database\WordDatabaseManager.cpp:36 - WordDatabaseManager::WordDatabaseManager(const QString&, const QString&, const QString&, QObject*): Words 表已就绪，表名:"Words"
[2026-06-14 15:50:26.100] [INFO] [DB] [0x5d78] ..\..\..\ui\main\MainController.cpp:68 - void MainController::initBackend(): 熟词库初始化成功
[2026-06-14 15:50:26.100] [DEBUG] [DB] [0x5d78] ..\..\..\core\dictionary\LookupService.cpp:13 - LookupService::LookupService(const QSqlDatabase&, QObject*): LookupService 已初始化
[2026-06-14 15:51:29.972] [DEBUG] [DB] [0x5d78] ..\..\..\core\database\DatabaseTableManager.cpp:67 - virtual DatabaseTableManager::~DatabaseTableManager(): 数据库连接关闭:"DBMgr_Words_278bbf5c5f0_2789dedbb40"
